#2026 05 22 20:12:36.592#Z#INFO#935167e9-561a-11f1-95bd-eeee0a9c03bf.OPERATION#http-nio-0.0.0.0-8080-exec-6#
[XS2StartProcessListener] Operation ID: 935167e9-561a-11f1-95bd-eeee0a9c03bf#
#2026 05 22 20:12:36.625#Z#DEBUG#935167e9-561a-11f1-95bd-eeee0a9c03bf.OPERATION#http-nio-0.0.0.0-8080-exec-6#
[XS2StartProcessListener] Process environment: {
  "SKIP_SSL_VALIDATION" : "false",
  "FLOWABLE_JOB_EXECUTOR_MAX_THREADS" : "32",
  "VERSION" : "2.45.0",
  "BASIC_AUTH_ENABLED" : "true",
  "FLOWABLE_JOB_EXECUTOR_QUEUE_CAPACITY" : "16",
  "FLOWABLE_JOB_EXECUTOR_CORE_THREADS" : "8"
}#
#2026 05 22 20:12:36.625#Z#DEBUG#935167e9-561a-11f1-95bd-eeee0a9c03bf.OPERATION#http-nio-0.0.0.0-8080-exec-6#
[XS2StartProcessListener] Current user: charan.samanchi@sap.com#
#2026 05 22 20:12:36.625#Z#DEBUG#935167e9-561a-11f1-95bd-eeee0a9c03bf.OPERATION#http-nio-0.0.0.0-8080-exec-6#
[XS2StartProcessListener] Client space: development#
#2026 05 22 20:12:36.625#Z#DEBUG#935167e9-561a-11f1-95bd-eeee0a9c03bf.OPERATION#http-nio-0.0.0.0-8080-exec-6#
[XS2StartProcessListener] Client organization: development#
#2026 05 22 20:12:36.625#Z#INFO#935167e9-561a-11f1-95bd-eeee0a9c03bf.OPERATION#http-nio-0.0.0.0-8080-exec-6#
[XS2StartProcessListener] Process variables: {
  "keepFiles" : false,
  "skipAppDigestCalculation" : false,
  "abortOnError" : false,
  "mtaId" : "CAPM",
  "noFailOnMissingPermissions" : false,
  "isSecurityEnabled" : false,
  "apiRequestPath" : "https://deploy-service.cf.sa30.hana.ondemand.com/api/v1/spaces/4fc54213-8be3-419b-80ae-a99f2c7b387b/operations",
  "deleteServiceBrokers" : false,
  "appArchiveId" : "aff34e5c-16df-4b37-86f3-d255eece08e2",
  "isDisposableUserProvidedServiceEnabled" : false,
  "deleteServiceKeys" : false,
  "noRestartSubscribedApps" : false,
  "noStart" : false,
  "deleteServices" : false
}#
#2026 05 22 20:12:36.689#Z#DEBUG#935167e9-561a-11f1-95bd-eeee0a9c03bf.OPERATION#flowable-async-job-executor-thread-1213#
[ValidateDeployParametersStep] Executing task "validateParametersTask" of process "9351680f-561a-11f1-95bd-eeee0a9c03bf"...#
#2026 05 22 20:12:36.689#Z#DEBUG#935167e9-561a-11f1-95bd-eeee0a9c03bf.OPERATION#flowable-async-job-executor-thread-1213#
[ValidateDeployParametersStep] Validating parameters...#
#2026 05 22 20:12:36.692#Z#INFO#935167e9-561a-11f1-95bd-eeee0a9c03bf.OPERATION#flowable-async-job-executor-thread-1213#
[ValidateDeployParametersStep] Size of mtars is 15,186,962 and size of extension descriptors is 0#
#2026 05 22 20:12:36.801#Z#INFO#935167e9-561a-11f1-95bd-eeee0a9c03bf.OPERATION#flowable-async-job-executor-thread-1213#
[ValidateDeployParametersStep] Archive was not split! Total size in bytes: 15,186,962#
#2026 05 22 20:12:36.801#Z#INFO#935167e9-561a-11f1-95bd-eeee0a9c03bf.OPERATION#flowable-async-job-executor-thread-1213#
[ValidateDeployParametersStep] Deploying in org "development" and space "development"#
#2026 05 22 20:12:36.809#Z#DEBUG#935167e9-561a-11f1-95bd-eeee0a9c03bf.OPERATION#flowable-async-job-executor-thread-1213#
[ValidateDeployParametersStep] Parameters validated#
#2026 05 22 20:12:36.809#Z#DEBUG#935167e9-561a-11f1-95bd-eeee0a9c03bf.OPERATION#flowable-async-job-executor-thread-1213#
Step "Validate Parameters" finished#
#2026 05 22 20:12:36.862#Z#DEBUG#935167e9-561a-11f1-95bd-eeee0a9c03bf.OPERATION#flowable-async-job-executor-thread-1214#
[DeleteRemainingFileParts] Executing task "deleteRemainingFileParts" of process "9351680f-561a-11f1-95bd-eeee0a9c03bf"...#
#2026 05 22 20:12:36.863#Z#DEBUG#935167e9-561a-11f1-95bd-eeee0a9c03bf.OPERATION#flowable-async-job-executor-thread-1214#
Step "Delete Remaining File Parts" finished#
#2026 05 22 20:12:36.917#Z#DEBUG#935167e9-561a-11f1-95bd-eeee0a9c03bf.OPERATION#flowable-async-job-executor-thread-1215#
[XS2ProcessMtaArchiveStep] Executing task "processArchiveTask" of process "9351680f-561a-11f1-95bd-eeee0a9c03bf"...#
#2026 05 22 20:12:36.919#Z#DEBUG#935167e9-561a-11f1-95bd-eeee0a9c03bf.OPERATION#flowable-async-job-executor-thread-1215#
[XS2ProcessMtaArchiveStep] Processing MTA archive...#
#2026 05 22 20:12:36.919#Z#DEBUG#935167e9-561a-11f1-95bd-eeee0a9c03bf.OPERATION#flowable-async-job-executor-thread-1215#
[XS2ProcessMtaArchiveStep] MTA Archive ID: aff34e5c-16df-4b37-86f3-d255eece08e2#
#2026 05 22 20:12:37.254#Z#DEBUG#935167e9-561a-11f1-95bd-eeee0a9c03bf.OPERATION#flowable-async-job-executor-thread-1215#
[XS2ProcessMtaArchiveStep] MTA Descriptor length: 1,979#
#2026 05 22 20:12:37.254#Z#DEBUG#935167e9-561a-11f1-95bd-eeee0a9c03bf.OPERATION#flowable-async-job-executor-thread-1215#
[XS2ProcessMtaArchiveStep] MTA Archive Modules: [CAPM, CAPM-html5-deployer, CAPM-srv]#
#2026 05 22 20:12:37.254#Z#DEBUG#935167e9-561a-11f1-95bd-eeee0a9c03bf.OPERATION#flowable-async-job-executor-thread-1215#
[XS2ProcessMtaArchiveStep] MTA Archive Requires: []#
#2026 05 22 20:12:37.254#Z#DEBUG#935167e9-561a-11f1-95bd-eeee0a9c03bf.OPERATION#flowable-async-job-executor-thread-1215#
[XS2ProcessMtaArchiveStep] MTA Archive Resources: [CAPM-auth]#
#2026 05 22 20:12:37.271#Z#DEBUG#935167e9-561a-11f1-95bd-eeee0a9c03bf.OPERATION#flowable-async-job-executor-thread-1215#
[XS2ProcessMtaArchiveStep] MTA archive processed#
#2026 05 22 20:12:37.271#Z#DEBUG#935167e9-561a-11f1-95bd-eeee0a9c03bf.OPERATION#flowable-async-job-executor-thread-1215#
Step "Process Archive" finished#
#2026 05 22 20:12:37.335#Z#DEBUG#935167e9-561a-11f1-95bd-eeee0a9c03bf.OPERATION#flowable-async-job-executor-thread-1216#
[ProcessMtaExtensionDescriptorsStep] Executing task "processExtensionDescriptorsTask" of process "9351680f-561a-11f1-95bd-eeee0a9c03bf"...#
#2026 05 22 20:12:37.337#Z#DEBUG#935167e9-561a-11f1-95bd-eeee0a9c03bf.OPERATION#flowable-async-job-executor-thread-1216#
[ProcessMtaExtensionDescriptorsStep] Processing MTA extension descriptors...#
#2026 05 22 20:12:37.339#Z#DEBUG#935167e9-561a-11f1-95bd-eeee0a9c03bf.OPERATION#flowable-async-job-executor-thread-1216#
[ProcessMtaExtensionDescriptorsStep] Provided extension descriptors: [ ]#
#2026 05 22 20:12:37.339#Z#DEBUG#935167e9-561a-11f1-95bd-eeee0a9c03bf.OPERATION#flowable-async-job-executor-thread-1216#
[ProcessMtaExtensionDescriptorsStep] No extension descriptors in use#
#2026 05 22 20:12:37.339#Z#DEBUG#935167e9-561a-11f1-95bd-eeee0a9c03bf.OPERATION#flowable-async-job-executor-thread-1216#
[ProcessMtaExtensionDescriptorsStep] MTA extension descriptors processed#
#2026 05 22 20:12:37.339#Z#DEBUG#935167e9-561a-11f1-95bd-eeee0a9c03bf.OPERATION#flowable-async-job-executor-thread-1216#
Step "Process Extension Descriptors" finished#
#2026 05 22 20:12:37.402#Z#DEBUG#935167e9-561a-11f1-95bd-eeee0a9c03bf.OPERATION#flowable-async-job-executor-thread-1217#
[XS2DetectMtaSchemaVersionStep] Executing task "detectSchemaVersionTask" of process "9351680f-561a-11f1-95bd-eeee0a9c03bf"...#
#2026 05 22 20:12:37.403#Z#DEBUG#935167e9-561a-11f1-95bd-eeee0a9c03bf.OPERATION#flowable-async-job-executor-thread-1217#
[XS2DetectMtaSchemaVersionStep] Detecting MTA major schema version...#
#2026 05 22 20:12:37.408#Z#INFO#935167e9-561a-11f1-95bd-eeee0a9c03bf.OPERATION#flowable-async-job-executor-thread-1217#
[XS2DetectMtaSchemaVersionStep] Detected MTA schema version: "3"#
#2026 05 22 20:12:37.416#Z#DEBUG#935167e9-561a-11f1-95bd-eeee0a9c03bf.OPERATION#flowable-async-job-executor-thread-1217#
Step "Detect Schema Version" finished#
#2026 05 22 20:12:37.477#Z#DEBUG#935167e9-561a-11f1-95bd-eeee0a9c03bf.OPERATION#flowable-async-job-executor-thread-1218#
[MergeDescriptorsStep] Executing task "mergeDescriptorsTask" of process "9351680f-561a-11f1-95bd-eeee0a9c03bf"...#
#2026 05 22 20:12:37.479#Z#DEBUG#935167e9-561a-11f1-95bd-eeee0a9c03bf.OPERATION#flowable-async-job-executor-thread-1218#
[MergeDescriptorsStep] Validating and merging descriptors...#
#2026 05 22 20:12:37.485#Z#DEBUG#935167e9-561a-11f1-95bd-eeee0a9c03bf.OPERATION#flowable-async-job-executor-thread-1218#
[MergeDescriptorsStep] Merged deployment descriptor: {
  "majorSchemaVersion" : 3,
  "schemaVersion" : "3.3.0",
  "id" : "CAPM",
  "version" : "1.0.0",
  "modules" : [ {
    "majorSchemaVersion" : 3,
    "name" : "CAPM-srv",
    "type" : "javascript.nodejs",
    "path" : "CAPM-srv",
    "properties" : { },
    "parameters" : {
      "buildpack" : "nodejs_buildpack",
      "instances" : 1
    },
    "requiredDependencies" : [ {
      "majorSchemaVersion" : 3,
      "name" : "********",
      "properties" : { },
      "parameters" : { },
      "propertiesMetadata" : {
        "metadata" : { }
      },
      "parametersMetadata" : {
        "metadata" : { }
      }
    } ],
    "providedDependencies" : [ {
      "majorSchemaVersion" : 3,
      "name" : "srv-api",
      "isPublic" : false,
      "properties" : {
        "srv-url" : "${default-url}"
      },
      "parameters" : { },
      "propertiesMetadata" : {
        "metadata" : { }
      },
      "parametersMetadata" : {
        "metadata" : { }
      }
    }, {
      "majorSchemaVersion" : 3,
      "name" : "CAPM-srv",
      "isPublic" : false,
      "properties" : { },
      "parameters" : { },
      "propertiesMetadata" : {
        "metadata" : { }
      },
      "parametersMetadata" : {
        "metadata" : { }
      }
    } ],
    "propertiesMetadata" : {
      "metadata" : { }
    },
    "parametersMetadata" : {
      "metadata" : { }
    },
    "hooks" : [ ]
  }, {
    "majorSchemaVersion" : 3,
    "name" : "CAPM",
    "type" : "javascript.nodejs",
    "path" : "CAPM",
    "properties" : { },
    "parameters" : {
      "disk-quota" : "256M",
      "keep-existing-routes" : true,
      "memory" : "256M"
    },
    "requiredDependencies" : [ {
      "majorSchemaVersion" : 3,
      "name" : "srv-api",
      "group" : "destinations",
      "properties" : {
        "name" : "srv-api",
        "forwardAuthToken" : "********",
        "url" : "~{srv-url}"
      },
      "parameters" : { },
      "propertiesMetadata" : {
        "metadata" : { }
      },
      "parametersMetadata" : {
        "metadata" : { }
      }
    }, {
      "majorSchemaVersion" : 3,
      "name" : "********",
      "properties" : { },
      "parameters" : { },
      "propertiesMetadata" : {
        "metadata" : { }
      },
      "parametersMetadata" : {
        "metadata" : { }
      }
    }, {
      "majorSchemaVersion" : 3,
      "name" : "CAPM-html5repo-runtime",
      "properties" : { },
      "parameters" : { },
      "propertiesMetadata" : {
        "metadata" : { }
      },
      "parametersMetadata" : {
        "metadata" : { }
      }
    } ],
    "providedDependencies" : [ {
      "majorSchemaVersion" : 3,
      "name" : "app-api",
      "isPublic" : false,
      "properties" : {
        "app-protocol" : "${protocol}",
        "app-uri" : "${default-uri}"
      },
      "parameters" : { },
      "propertiesMetadata" : {
        "metadata" : { }
      },
      "parametersMetadata" : {
        "metadata" : { }
      }
    }, {
      "majorSchemaVersion" : 3,
      "name" : "CAPM",
      "isPublic" : false,
      "properties" : { },
      "parameters" : { },
      "propertiesMetadata" : {
        "metadata" : { }
      },
      "parametersMetadata" : {
        "metadata" : { }
      }
    } ],
    "propertiesMetadata" : {
      "metadata" : { }
    },
    "parametersMetadata" : {
      "metadata" : { }
    },
    "hooks" : [ ]
  }, {
    "majorSchemaVersion" : 3,
    "name" : "CAPM-html5-deployer",
    "type" : "javascript.nodejs",
    "path" : "CAPM-html5-deployer",
    "properties" : { },
    "parameters" : {
      "memory" : "256M",
      "buildpack" : "nodejs_buildpack",
      "disk-quota" : "512M",
      "no-route" : true,
      "tasks" : [ {
        "command" : "npm start",
        "disk-quota" : "512M",
        "memory" : "256M",
        "name" : "deploy-html5-content"
      } ],
      "no-start" : true
    },
    "requiredDependencies" : [ {
      "majorSchemaVersion" : 3,
      "name" : "CAPM-html5repo",
      "properties" : { },
      "parameters" : { },
      "propertiesMetadata" : {
        "metadata" : { }
      },
      "parametersMetadata" : {
        "metadata" : { }
      }
    } ],
    "providedDependencies" : [ {
      "majorSchemaVersion" : 3,
      "name" : "CAPM-html5-deployer",
      "isPublic" : false,
      "properties" : { },
      "parameters" : { },
      "propertiesMetadata" : {
        "metadata" : { }
      },
      "parametersMetadata" : {
        "metadata" : { }
      }
    } ],
    "propertiesMetadata" : {
      "metadata" : { }
    },
    "parametersMetadata" : {
      "metadata" : { }
    },
    "hooks" : [ ]
  } ],
  "resources" : [ {
    "majorSchemaVersion" : 3,
    "name" : "********",
    "type" : "org.cloudfoundry.managed-service",
    "properties" : { },
    "parameters" : {
      "path" : "./xs-security.json",
      "service-plan" : "application",
      "type" : "managed-service",
      "config" : {
        "oauth2-configuration" : "********",
        "tenant-mode" : "dedicated",
        "xsappname" : "CAPM-${org}-${space}"
      },
      "service" : "xsuaa"
    },
    "isActive" : true,
    "isOptional" : false,
    "propertiesMetadata" : {
      "metadata" : { }
    },
    "parametersMetadata" : {
      "metadata" : { }
    },
    "requiredDependencies" : [ {
      "majorSchemaVersion" : 3,
      "name" : "app-api",
      "properties" : { },
      "parameters" : { },
      "propertiesMetadata" : {
        "metadata" : { }
      },
      "parametersMetadata" : {
        "metadata" : { }
      }
    } ],
    "processedAfter" : [ ]
  }, {
    "majorSchemaVersion" : 3,
    "name" : "CAPM-html5repo",
    "type" : "org.cloudfoundry.managed-service",
    "properties" : { },
    "parameters" : {
      "type" : "managed-service",
      "service" : "html5-apps-repo",
      "service-plan" : "app-host"
    },
    "isActive" : true,
    "isOptional" : false,
    "propertiesMetadata" : {
      "metadata" : { }
    },
    "parametersMetadata" : {
      "metadata" : { }
    },
    "requiredDependencies" : [ ],
    "processedAfter" : [ ]
  }, {
    "majorSchemaVersion" : 3,
    "name" : "CAPM-html5repo-runtime",
    "type" : "org.cloudfoundry.managed-service",
    "properties" : { },
    "parameters" : {
      "type" : "managed-service",
      "service" : "html5-apps-repo",
      "service-plan" : "app-runtime"
    },
    "isActive" : true,
    "isOptional" : false,
    "propertiesMetadata" : {
      "metadata" : { }
    },
    "parametersMetadata" : {
      "metadata" : { }
    },
    "requiredDependencies" : [ ],
    "processedAfter" : [ ]
  } ],
  "parameters" : {
    "enable-parallel-deployments" : true
  },
  "parametersMetadata" : {
    "metadata" : { }
  }
}#
#2026 05 22 20:12:37.490#Z#DEBUG#935167e9-561a-11f1-95bd-eeee0a9c03bf.OPERATION#flowable-async-job-executor-thread-1218#
[MergeDescriptorsStep] Descriptors validated and merged#
#2026 05 22 20:12:37.490#Z#DEBUG#935167e9-561a-11f1-95bd-eeee0a9c03bf.OPERATION#flowable-async-job-executor-thread-1218#
Step "Merge Descriptors" finished#
#2026 05 22 20:12:37.556#Z#DEBUG#935167e9-561a-11f1-95bd-eeee0a9c03bf.OPERATION#flowable-async-job-executor-thread-1218#
[DetectDeployedMtaStep] Executing task "detectDeployedMtaTask" of process "9351680f-561a-11f1-95bd-eeee0a9c03bf"...#
#2026 05 22 20:12:37.558#Z#DEBUG#935167e9-561a-11f1-95bd-eeee0a9c03bf.OPERATION#flowable-async-job-executor-thread-1218#
[DetectDeployedMtaStep] Detecting deployed MTA...#
#2026 05 22 20:12:37.560#Z#DEBUG#935167e9-561a-11f1-95bd-eeee0a9c03bf.OPERATION#flowable-async-job-executor-thread-1218#
[DetectDeployedMtaStep] Detecting MTA by id CAPM and namespace null#
#2026 05 22 20:12:37.560#Z#DEBUG#935167e9-561a-11f1-95bd-eeee0a9c03bf.OPERATION#flowable-async-job-executor-thread-1218#
[DetectDeployedMtaStep] Getting applications by metadata label selector "mta_id=32806d5c160b5a14d2f8d91bc25fe225,!mta_namespace"...#
#2026 05 22 20:12:37.613#Z#DEBUG#935167e9-561a-11f1-95bd-eeee0a9c03bf.OPERATION#flowable-async-job-executor-thread-1218#
[DetectDeployedMtaStep] Getting service instances by metadata label selector "mta_id=32806d5c160b5a14d2f8d91bc25fe225,!mta_namespace"...#
#2026 05 22 20:12:37.740#Z#DEBUG#935167e9-561a-11f1-95bd-eeee0a9c03bf.OPERATION#flowable-async-job-executor-thread-1218#
[DetectDeployedMtaStep] Deployed MTA: {
  "metadata" : {
    "id" : "CAPM",
    "version" : "1.0.0"
  },
  "applications" : [ {
    "name" : "CAPM-srv",
    "metadata" : {
      "guid" : "81f63cf1-668d-4ad9-8c63-ff2be45a837a",
      "createdAt" : [ 2026, 5, 13, 8, 50, 24 ],
      "updatedAt" : [ 2026, 5, 22, 19, 1, 54 ]
    },
    "v3Metadata" : {
      "annotations" : {
        "mta_id" : "CAPM",
        "mta_version" : "1.0.0",
        "mta_module" : "{\"name\":\"CAPM-srv\"}",
        "mta_module_provided_dependencies" : "[]",
        "mta_bound_services" : "********"
      },
      "labels" : {
        "mta_id" : "32806d5c160b5a14d2f8d91bc25fe225"
      }
    },
    "state" : "STARTED",
    "lifecycle" : {
      "type" : "BUILDPACK",
      "data" : {
        "buildpacks" : [ "nodejs_buildpack" ],
        "stack" : "cflinuxfs4"
      }
    },
    "space" : {
      "name" : "development",
      "metadata" : {
        "guid" : "4fc54213-8be3-419b-80ae-a99f2c7b387b",
        "createdAt" : [ 2024, 12, 1, 11, 9, 11 ],
        "updatedAt" : [ 2024, 12, 1, 11, 9, 11 ]
      },
      "organization" : {
        "name" : "development",
        "metadata" : {
          "guid" : "377e4df2-1d9a-4b69-bf75-41cb9421f62b",
          "createdAt" : [ 2024, 12, 1, 11, 8, 37 ],
          "updatedAt" : [ 2026, 2, 18, 11, 57, 35 ]
        }
      }
    },
    "moduleName" : "CAPM-srv",
    "boundMtaServices" : [ "********" ],
    "providedDependencyNames" : [ ],
    "productizationState" : "LIVE"
  }, {
    "name" : "CAPM",
    "metadata" : {
      "guid" : "502d8485-3ee7-4ec4-bd63-d199cbdb6a2c",
      "createdAt" : [ 2026, 5, 13, 8, 50, 25 ],
      "updatedAt" : [ 2026, 5, 22, 19, 2, 4 ]
    },
    "v3Metadata" : {
      "annotations" : {
        "mta_version" : "1.0.0",
        "mta_module" : "{\"name\":\"CAPM\"}",
        "mta_module_provided_dependencies" : "[]",
        "mta_bound_services" : "********",
        "mta_id" : "CAPM"
      },
      "labels" : {
        "mta_id" : "32806d5c160b5a14d2f8d91bc25fe225"
      }
    },
    "state" : "STARTED",
    "lifecycle" : {
      "type" : "BUILDPACK",
      "data" : {
        "buildpacks" : [ ],
        "stack" : "cflinuxfs4"
      }
    },
    "space" : {
      "name" : "development",
      "metadata" : {
        "guid" : "4fc54213-8be3-419b-80ae-a99f2c7b387b",
        "createdAt" : [ 2024, 12, 1, 11, 9, 11 ],
        "updatedAt" : [ 2024, 12, 1, 11, 9, 11 ]
      },
      "organization" : {
        "name" : "development",
        "metadata" : {
          "guid" : "377e4df2-1d9a-4b69-bf75-41cb9421f62b",
          "createdAt" : [ 2024, 12, 1, 11, 8, 37 ],
          "updatedAt" : [ 2026, 2, 18, 11, 57, 35 ]
        }
      }
    },
    "moduleName" : "CAPM",
    "boundMtaServices" : [ "********", "CAPM-html5repo-runtime" ],
    "providedDependencyNames" : [ ],
    "productizationState" : "LIVE"
  }, {
    "name" : "CAPM-html5-deployer",
    "metadata" : {
      "guid" : "81750d85-e5e4-4404-a13f-d9559df00ea2",
      "createdAt" : [ 2026, 5, 21, 17, 53, 27 ],
      "updatedAt" : [ 2026, 5, 22, 19, 2, 14 ]
    },
    "v3Metadata" : {
      "annotations" : {
        "mta_id" : "CAPM",
        "mta_version" : "1.0.0",
        "mta_module" : "{\"name\":\"CAPM-html5-deployer\"}",
        "mta_module_provided_dependencies" : "[]",
        "mta_bound_services" : "[\"CAPM-html5repo\"]"
      },
      "labels" : {
        "mta_id" : "32806d5c160b5a14d2f8d91bc25fe225"
      }
    },
    "state" : "STOPPED",
    "lifecycle" : {
      "type" : "BUILDPACK",
      "data" : {
        "buildpacks" : [ "nodejs_buildpack" ],
        "stack" : "cflinuxfs4"
      }
    },
    "space" : {
      "name" : "development",
      "metadata" : {
        "guid" : "4fc54213-8be3-419b-80ae-a99f2c7b387b",
        "createdAt" : [ 2024, 12, 1, 11, 9, 11 ],
        "updatedAt" : [ 2024, 12, 1, 11, 9, 11 ]
      },
      "organization" : {
        "name" : "development",
        "metadata" : {
          "guid" : "377e4df2-1d9a-4b69-bf75-41cb9421f62b",
          "createdAt" : [ 2024, 12, 1, 11, 8, 37 ],
          "updatedAt" : [ 2026, 2, 18, 11, 57, 35 ]
        }
      }
    },
    "moduleName" : "CAPM-html5-deployer",
    "boundMtaServices" : [ "CAPM-html5repo" ],
    "providedDependencyNames" : [ ],
    "productizationState" : "LIVE"
  } ],
  "services" : [ {
    "name" : "********",
    "metadata" : {
      "guid" : "3cf3a502-cc5d-480e-83e2-501d608fe3d8",
      "createdAt" : [ 2026, 5, 13, 8, 50, 12 ],
      "updatedAt" : [ 2026, 5, 13, 8, 50, 12 ]
    },
    "v3Metadata" : {
      "annotations" : {
        "mta_id" : "CAPM",
        "mta_version" : "1.0.0",
        "mta_resource" : "********"
      },
      "labels" : {
        "mta_id" : "32806d5c160b5a14d2f8d91bc25fe225"
      }
    },
    "label" : "xsuaa",
    "plan" : "application",
    "credentials" : "********",
    "tags" : [ ],
    "type" : "managed",
    "lastOperation" : {
      "type" : "UPDATE",
      "description" : "",
      "state" : "SUCCEEDED"
    },
    "resourceName" : "********"
  }, {
    "name" : "CAPM-html5repo-runtime",
    "metadata" : {
      "guid" : "912b0e17-fc68-4247-9d41-fd07add82a07",
      "createdAt" : [ 2026, 5, 21, 14, 43, 48 ],
      "updatedAt" : [ 2026, 5, 21, 14, 43, 49 ]
    },
    "v3Metadata" : {
      "annotations" : {
        "mta_id" : "CAPM",
        "mta_version" : "1.0.0",
        "mta_resource" : "{\"name\":\"CAPM-html5repo-runtime\"}"
      },
      "labels" : {
        "mta_id" : "32806d5c160b5a14d2f8d91bc25fe225"
      }
    },
    "label" : "html5-apps-repo",
    "plan" : "app-runtime",
    "credentials" : "********",
    "tags" : [ ],
    "type" : "managed",
    "lastOperation" : {
      "type" : "CREATE",
      "description" : "",
      "state" : "SUCCEEDED"
    },
    "resourceName" : "CAPM-html5repo-runtime"
  }, {
    "name" : "CAPM-html5repo",
    "metadata" : {
      "guid" : "d3283f97-35fb-4df4-b986-4cf7eec95e0b",
      "createdAt" : [ 2026, 5, 21, 14, 43, 47 ],
      "updatedAt" : [ 2026, 5, 21, 14, 43, 49 ]
    },
    "v3Metadata" : {
      "annotations" : {
        "mta_id" : "CAPM",
        "mta_version" : "1.0.0",
        "mta_resource" : "{\"name\":\"CAPM-html5repo\"}"
      },
      "labels" : {
        "mta_id" : "32806d5c160b5a14d2f8d91bc25fe225"
      }
    },
    "label" : "html5-apps-repo",
    "plan" : "app-host",
    "credentials" : "********",
    "tags" : [ ],
    "type" : "managed",
    "lastOperation" : {
      "type" : "CREATE",
      "description" : "",
      "state" : "SUCCEEDED"
    },
    "resourceName" : "CAPM-html5repo"
  } ]
}#
#2026 05 22 20:12:37.740#Z#INFO#935167e9-561a-11f1-95bd-eeee0a9c03bf.OPERATION#flowable-async-job-executor-thread-1218#
[DetectDeployedMtaStep] Detected deployed MTA with ID "CAPM" and version "1.0.0"#
#2026 05 22 20:12:37.747#Z#DEBUG#935167e9-561a-11f1-95bd-eeee0a9c03bf.OPERATION#flowable-async-job-executor-thread-1218#
[DetectDeployedMtaStep] Detecting backup mta by id "CAPM" and namespace "null"#
#2026 05 22 20:12:37.748#Z#DEBUG#935167e9-561a-11f1-95bd-eeee0a9c03bf.OPERATION#flowable-async-job-executor-thread-1218#
[DetectDeployedMtaStep] Getting applications by metadata label selector "mta_id=32806d5c160b5a14d2f8d91bc25fe225,mta_namespace=b698114a0995e936895b9598a6c19a2c"...#
#2026 05 22 20:12:37.784#Z#DEBUG#935167e9-561a-11f1-95bd-eeee0a9c03bf.OPERATION#flowable-async-job-executor-thread-1218#
[DetectDeployedMtaStep] Getting service instances by metadata label selector "mta_id=32806d5c160b5a14d2f8d91bc25fe225,mta_namespace=b698114a0995e936895b9598a6c19a2c"...#
#2026 05 22 20:12:37.855#Z#DEBUG#935167e9-561a-11f1-95bd-eeee0a9c03bf.OPERATION#flowable-async-job-executor-thread-1218#
[DetectDeployedMtaStep] Deployed MTA service keys: [ ]#
#2026 05 22 20:12:37.856#Z#DEBUG#935167e9-561a-11f1-95bd-eeee0a9c03bf.OPERATION#flowable-async-job-executor-thread-1218#
Step "Detect Deployed MTA" finished#
#2026 05 22 20:12:37.919#Z#DEBUG#935167e9-561a-11f1-95bd-eeee0a9c03bf.OPERATION#flowable-async-job-executor-thread-1219#
[XS2CollectSystemParametersStep] Executing task "collectSystemParametersTask" of process "9351680f-561a-11f1-95bd-eeee0a9c03bf"...#
#2026 05 22 20:12:37.922#Z#DEBUG#935167e9-561a-11f1-95bd-eeee0a9c03bf.OPERATION#flowable-async-job-executor-thread-1219#
[XS2CollectSystemParametersStep] Collecting system parameters...#
#2026 05 22 20:12:37.924#Z#DEBUG#935167e9-561a-11f1-95bd-eeee0a9c03bf.OPERATION#flowable-async-job-executor-thread-1219#
[XS2CollectSystemParametersStep] Getting default domain...#
#2026 05 22 20:12:37.963#Z#DEBUG#935167e9-561a-11f1-95bd-eeee0a9c03bf.OPERATION#flowable-async-job-executor-thread-1219#
[XS2CollectSystemParametersStep] Default domain: cfapps.sa30.hana.ondemand.com#
#2026 05 22 20:12:37.966#Z#DEBUG#935167e9-561a-11f1-95bd-eeee0a9c03bf.OPERATION#flowable-async-job-executor-thread-1219#
[XS2CollectSystemParametersStep] Checking for overwriting read-only parameters for mta with id: "CAPM"#
#2026 05 22 20:12:37.966#Z#DEBUG#935167e9-561a-11f1-95bd-eeee0a9c03bf.OPERATION#flowable-async-job-executor-thread-1219#
[XS2CollectSystemParametersStep] No read-only parameters are overwritten#
#2026 05 22 20:12:37.984#Z#DEBUG#935167e9-561a-11f1-95bd-eeee0a9c03bf.OPERATION#flowable-async-job-executor-thread-1219#
[XS2CollectSystemParametersStep] Descriptor with system parameters: {
  "majorSchemaVersion" : 3,
  "schemaVersion" : "3.3.0",
  "id" : "CAPM",
  "version" : "1.0.0",
  "modules" : [ {
    "majorSchemaVersion" : 3,
    "name" : "CAPM-srv",
    "type" : "javascript.nodejs",
    "path" : "CAPM-srv",
    "properties" : { },
    "parameters" : {
      "default-url" : "${protocol}://${default-uri}",
      "default-app-name" : "CAPM-srv",
      "generated-password" : "********",
      "default-live-url" : "${protocol}://${default-live-uri}",
      "default-uri" : "${host}.${domain}",
      "default-instances" : 1,
      "default-live-host" : "development-development-capm-srv",
      "instances" : 1,
      "buildpack" : "nodejs_buildpack",
      "default-host" : "development-development-capm-srv",
      "app-name" : "${default-app-name}",
      "default-live-uri" : "development-development-capm-srv.${domain}",
      "protocol" : "https",
      "default-live-app-name" : "CAPM-srv",
      "default-live-domain" : "cfapps.sa30.hana.ondemand.com",
      "domain" : "${default-domain}",
      "host" : "${default-host}",
      "generated-user" : "********"
    },
    "requiredDependencies" : [ {
      "majorSchemaVersion" : 3,
      "name" : "********",
      "properties" : { },
      "parameters" : { },
      "propertiesMetadata" : {
        "metadata" : { }
      },
      "parametersMetadata" : {
        "metadata" : { }
      }
    } ],
    "providedDependencies" : [ {
      "majorSchemaVersion" : 3,
      "name" : "srv-api",
      "isPublic" : false,
      "properties" : {
        "srv-url" : "${default-url}"
      },
      "parameters" : { },
      "propertiesMetadata" : {
        "metadata" : { }
      },
      "parametersMetadata" : {
        "metadata" : { }
      }
    }, {
      "majorSchemaVersion" : 3,
      "name" : "CAPM-srv",
      "isPublic" : false,
      "properties" : { },
      "parameters" : { },
      "propertiesMetadata" : {
        "metadata" : { }
      },
      "parametersMetadata" : {
        "metadata" : { }
      }
    } ],
    "propertiesMetadata" : {
      "metadata" : { }
    },
    "parametersMetadata" : {
      "metadata" : { }
    },
    "hooks" : [ ]
  }, {
    "majorSchemaVersion" : 3,
    "name" : "CAPM",
    "type" : "javascript.nodejs",
    "path" : "CAPM",
    "properties" : { },
    "parameters" : {
      "default-url" : "${protocol}://${default-uri}",
      "default-app-name" : "CAPM",
      "generated-password" : "********",
      "default-live-url" : "${protocol}://${default-live-uri}",
      "default-uri" : "${host}.${domain}",
      "memory" : "256M",
      "default-instances" : 1,
      "default-live-host" : "development-development-capm",
      "instances" : "${default-instances}",
      "default-host" : "development-development-capm",
      "keep-existing-routes" : true,
      "app-name" : "${default-app-name}",
      "default-live-uri" : "development-development-capm.${domain}",
      "protocol" : "https",
      "default-live-app-name" : "CAPM",
      "default-live-domain" : "cfapps.sa30.hana.ondemand.com",
      "disk-quota" : "256M",
      "domain" : "${default-domain}",
      "host" : "${default-host}",
      "generated-user" : "********"
    },
    "requiredDependencies" : [ {
      "majorSchemaVersion" : 3,
      "name" : "srv-api",
      "group" : "destinations",
      "properties" : {
        "name" : "srv-api",
        "forwardAuthToken" : "********",
        "url" : "~{srv-url}"
      },
      "parameters" : { },
      "propertiesMetadata" : {
        "metadata" : { }
      },
      "parametersMetadata" : {
        "metadata" : { }
      }
    }, {
      "majorSchemaVersion" : 3,
      "name" : "********",
      "properties" : { },
      "parameters" : { },
      "propertiesMetadata" : {
        "metadata" : { }
      },
      "parametersMetadata" : {
        "metadata" : { }
      }
    }, {
      "majorSchemaVersion" : 3,
      "name" : "CAPM-html5repo-runtime",
      "properties" : { },
      "parameters" : { },
      "propertiesMetadata" : {
        "metadata" : { }
      },
      "parametersMetadata" : {
        "metadata" : { }
      }
    } ],
    "providedDependencies" : [ {
      "majorSchemaVersion" : 3,
      "name" : "app-api",
      "isPublic" : false,
      "properties" : {
        "app-protocol" : "${protocol}",
        "app-uri" : "${default-uri}"
      },
      "parameters" : { },
      "propertiesMetadata" : {
        "metadata" : { }
      },
      "parametersMetadata" : {
        "metadata" : { }
      }
    }, {
      "majorSchemaVersion" : 3,
      "name" : "CAPM",
      "isPublic" : false,
      "properties" : { },
      "parameters" : { },
      "propertiesMetadata" : {
        "metadata" : { }
      },
      "parametersMetadata" : {
        "metadata" : { }
      }
    } ],
    "propertiesMetadata" : {
      "metadata" : { }
    },
    "parametersMetadata" : {
      "metadata" : { }
    },
    "hooks" : [ ]
  }, {
    "majorSchemaVersion" : 3,
    "name" : "CAPM-html5-deployer",
    "type" : "javascript.nodejs",
    "path" : "CAPM-html5-deployer",
    "properties" : { },
    "parameters" : {
      "default-url" : "${protocol}://${default-uri}",
      "default-app-name" : "CAPM-html5-deployer",
      "generated-password" : "********",
      "default-live-url" : "${protocol}://${default-live-uri}",
      "default-uri" : "${host}.${domain}",
      "memory" : "256M",
      "default-instances" : 1,
      "no-route" : true,
      "default-live-host" : "development-development-capm-html5-deployer",
      "instances" : "${default-instances}",
      "buildpack" : "nodejs_buildpack",
      "default-host" : "development-development-capm-html5-deployer",
      "app-name" : "${default-app-name}",
      "default-live-uri" : "development-development-capm-html5-deployer.${domain}",
      "protocol" : "https",
      "default-live-app-name" : "CAPM-html5-deployer",
      "default-live-domain" : "cfapps.sa30.hana.ondemand.com",
      "disk-quota" : "512M",
      "domain" : "${default-domain}",
      "host" : "${default-host}",
      "generated-user" : "********",
      "tasks" : [ {
        "command" : "npm start",
        "disk-quota" : "512M",
        "memory" : "256M",
        "name" : "deploy-html5-content"
      } ],
      "no-start" : true
    },
    "requiredDependencies" : [ {
      "majorSchemaVersion" : 3,
      "name" : "CAPM-html5repo",
      "properties" : { },
      "parameters" : { },
      "propertiesMetadata" : {
        "metadata" : { }
      },
      "parametersMetadata" : {
        "metadata" : { }
      }
    } ],
    "providedDependencies" : [ {
      "majorSchemaVersion" : 3,
      "name" : "CAPM-html5-deployer",
      "isPublic" : false,
      "properties" : { },
      "parameters" : { },
      "propertiesMetadata" : {
        "metadata" : { }
      },
      "parametersMetadata" : {
        "metadata" : { }
      }
    } ],
    "propertiesMetadata" : {
      "metadata" : { }
    },
    "parametersMetadata" : {
      "metadata" : { }
    },
    "hooks" : [ ]
  } ],
  "resources" : [ {
    "majorSchemaVersion" : 3,
    "name" : "********",
    "type" : "org.cloudfoundry.managed-service",
    "properties" : { },
    "parameters" : {
      "generated-password" : "********",
      "path" : "./xs-security.json",
      "service-name" : "${default-service-name}",
      "service-plan" : "application",
      "service" : "xsuaa",
      "generated-user" : "********",
      "default-xsappname" : "********",
      "type" : "managed-service",
      "config" : {
        "oauth2-configuration" : "********",
        "tenant-mode" : "dedicated",
        "xsappname" : "CAPM-${org}-${space}"
      },
      "default-service-name" : "********",
      "default-container-name" : "********"
    },
    "isActive" : true,
    "isOptional" : false,
    "propertiesMetadata" : {
      "metadata" : { }
    },
    "parametersMetadata" : {
      "metadata" : { }
    },
    "requiredDependencies" : [ {
      "majorSchemaVersion" : 3,
      "name" : "app-api",
      "properties" : { },
      "parameters" : { },
      "propertiesMetadata" : {
        "metadata" : { }
      },
      "parametersMetadata" : {
        "metadata" : { }
      }
    } ],
    "processedAfter" : [ ]
  }, {
    "majorSchemaVersion" : 3,
    "name" : "CAPM-html5repo",
    "type" : "org.cloudfoundry.managed-service",
    "properties" : { },
    "parameters" : {
      "generated-password" : "********",
      "service-name" : "${default-service-name}",
      "service-plan" : "app-host",
      "service" : "html5-apps-repo",
      "generated-user" : "********",
      "default-xsappname" : "CAPM-html5repo",
      "type" : "managed-service",
      "default-service-name" : "CAPM-html5repo",
      "default-container-name" : "DEVELOPMENT_DEVELOPMENT_CAPM_HTML5REPO"
    },
    "isActive" : true,
    "isOptional" : false,
    "propertiesMetadata" : {
      "metadata" : { }
    },
    "parametersMetadata" : {
      "metadata" : { }
    },
    "requiredDependencies" : [ ],
    "processedAfter" : [ ]
  }, {
    "majorSchemaVersion" : 3,
    "name" : "CAPM-html5repo-runtime",
    "type" : "org.cloudfoundry.managed-service",
    "properties" : { },
    "parameters" : {
      "generated-password" : "********",
      "service-name" : "${default-service-name}",
      "service-plan" : "app-runtime",
      "service" : "html5-apps-repo",
      "generated-user" : "********",
      "default-xsappname" : "CAPM-html5repo-runtime",
      "type" : "managed-service",
      "default-service-name" : "CAPM-html5repo-runtime",
      "default-container-name" : "DEVELOPMENT_DEVELOPMENT_CAPM_HTML5REPO_RUNTIME"
    },
    "isActive" : true,
    "isOptional" : false,
    "propertiesMetadata" : {
      "metadata" : { }
    },
    "parametersMetadata" : {
      "metadata" : { }
    },
    "requiredDependencies" : [ ],
    "processedAfter" : [ ]
  } ],
  "parameters" : {
    "mta-id" : "CAPM",
    "authorization-url" : "********",
    "org-guid" : "377e4df2-1d9a-4b69-bf75-41cb9421f62b",
    "org" : "development",
    "deploy-target" : "development development",
    "enable-parallel-deployments" : true,
    "space" : "development",
    "xs-api-url" : "https://api.cf.sa30.hana.ondemand.com",
    "deploy-url" : "deploy-service.cfapps.sa30.hana.ondemand.com",
    "xs-type" : "CF",
    "default-domain" : "cfapps.sa30.hana.ondemand.com",
    "mta-version" : "1.0.0",
    "xs-auth-url" : "********",
    "space-guid" : "4fc54213-8be3-419b-80ae-a99f2c7b387b",
    "user" : "********",
    "controller-url" : "https://api.cf.sa30.hana.ondemand.com",
    "timestamp" : "20260522201236"
  },
  "parametersMetadata" : {
    "metadata" : { }
  }
}#
#2026 05 22 20:12:37.987#Z#DEBUG#935167e9-561a-11f1-95bd-eeee0a9c03bf.OPERATION#flowable-async-job-executor-thread-1219#
[XS2CollectSystemParametersStep] Version rule: SAME_HIGHER#
#2026 05 22 20:12:37.987#Z#INFO#935167e9-561a-11f1-95bd-eeee0a9c03bf.OPERATION#flowable-async-job-executor-thread-1219#
[XS2CollectSystemParametersStep] Detected new MTA version: "1.0.0"#
#2026 05 22 20:12:37.995#Z#INFO#935167e9-561a-11f1-95bd-eeee0a9c03bf.OPERATION#flowable-async-job-executor-thread-1219#
[XS2CollectSystemParametersStep] Deployed MTA version: "1.0.0"#
#2026 05 22 20:12:38.003#Z#DEBUG#935167e9-561a-11f1-95bd-eeee0a9c03bf.OPERATION#flowable-async-job-executor-thread-1219#
[XS2CollectSystemParametersStep] MTA accepted for deployment#
#2026 05 22 20:12:38.003#Z#DEBUG#935167e9-561a-11f1-95bd-eeee0a9c03bf.OPERATION#flowable-async-job-executor-thread-1219#
[XS2CollectSystemParametersStep] System parameters collected#
#2026 05 22 20:12:38.003#Z#DEBUG#935167e9-561a-11f1-95bd-eeee0a9c03bf.OPERATION#flowable-async-job-executor-thread-1219#
Step "Collect System Parameters" finished#
#2026 05 22 20:12:38.066#Z#DEBUG#935167e9-561a-11f1-95bd-eeee0a9c03bf.OPERATION#flowable-async-job-executor-thread-1220#
[ProcessDescriptorStep] Executing task "processDescriptorTask" of process "9351680f-561a-11f1-95bd-eeee0a9c03bf"...#
#2026 05 22 20:12:38.068#Z#DEBUG#935167e9-561a-11f1-95bd-eeee0a9c03bf.OPERATION#flowable-async-job-executor-thread-1220#
[ProcessDescriptorStep] Resolving properties and parameters in merged descriptor...#
#2026 05 22 20:12:38.075#Z#DEBUG#935167e9-561a-11f1-95bd-eeee0a9c03bf.OPERATION#flowable-async-job-executor-thread-1220#
[ProcessDescriptorStep] Subscriptions: [ ]#
#2026 05 22 20:12:38.076#Z#DEBUG#935167e9-561a-11f1-95bd-eeee0a9c03bf.OPERATION#flowable-async-job-executor-thread-1220#
[ProcessDescriptorStep] MTA modules: [CAPM, CAPM-html5-deployer, CAPM-srv]#
#2026 05 22 20:12:38.077#Z#DEBUG#935167e9-561a-11f1-95bd-eeee0a9c03bf.OPERATION#flowable-async-job-executor-thread-1220#
[ProcessDescriptorStep] Resolved deployment descriptor: {
  "majorSchemaVersion" : 3,
  "schemaVersion" : "3.3.0",
  "id" : "CAPM",
  "version" : "1.0.0",
  "modules" : [ {
    "majorSchemaVersion" : 3,
    "name" : "CAPM-srv",
    "type" : "javascript.nodejs",
    "path" : "CAPM-srv",
    "properties" : { },
    "parameters" : {
      "default-url" : "https://development-development-capm-srv.cfapps.sa30.hana.ondemand.com",
      "default-app-name" : "CAPM-srv",
      "generated-password" : "********",
      "default-live-url" : "https://development-development-capm-srv.cfapps.sa30.hana.ondemand.com",
      "default-uri" : "development-development-capm-srv.cfapps.sa30.hana.ondemand.com",
      "default-instances" : 1,
      "default-live-host" : "development-development-capm-srv",
      "instances" : 1,
      "buildpack" : "nodejs_buildpack",
      "default-host" : "development-development-capm-srv",
      "app-name" : "CAPM-srv",
      "default-live-uri" : "development-development-capm-srv.cfapps.sa30.hana.ondemand.com",
      "protocol" : "https",
      "default-live-app-name" : "CAPM-srv",
      "default-live-domain" : "cfapps.sa30.hana.ondemand.com",
      "domain" : "cfapps.sa30.hana.ondemand.com",
      "host" : "development-development-capm-srv",
      "generated-user" : "********"
    },
    "requiredDependencies" : [ {
      "majorSchemaVersion" : 3,
      "name" : "********",
      "properties" : { },
      "parameters" : { },
      "propertiesMetadata" : {
        "metadata" : { }
      },
      "parametersMetadata" : {
        "metadata" : { }
      }
    } ],
    "providedDependencies" : [ {
      "majorSchemaVersion" : 3,
      "name" : "srv-api",
      "isPublic" : false,
      "properties" : {
        "srv-url" : "https://development-development-capm-srv.cfapps.sa30.hana.ondemand.com"
      },
      "parameters" : { },
      "propertiesMetadata" : {
        "metadata" : { }
      },
      "parametersMetadata" : {
        "metadata" : { }
      }
    }, {
      "majorSchemaVersion" : 3,
      "name" : "CAPM-srv",
      "isPublic" : false,
      "properties" : { },
      "parameters" : { },
      "propertiesMetadata" : {
        "metadata" : { }
      },
      "parametersMetadata" : {
        "metadata" : { }
      }
    } ],
    "propertiesMetadata" : {
      "metadata" : { }
    },
    "parametersMetadata" : {
      "metadata" : { }
    },
    "hooks" : [ ]
  }, {
    "majorSchemaVersion" : 3,
    "name" : "CAPM",
    "type" : "javascript.nodejs",
    "path" : "CAPM",
    "properties" : { },
    "parameters" : {
      "default-url" : "https://development-development-capm.cfapps.sa30.hana.ondemand.com",
      "default-app-name" : "CAPM",
      "generated-password" : "********",
      "default-live-url" : "https://development-development-capm.cfapps.sa30.hana.ondemand.com",
      "default-uri" : "development-development-capm.cfapps.sa30.hana.ondemand.com",
      "memory" : "256M",
      "default-instances" : 1,
      "default-live-host" : "development-development-capm",
      "instances" : 1,
      "default-host" : "development-development-capm",
      "keep-existing-routes" : true,
      "app-name" : "CAPM",
      "default-live-uri" : "development-development-capm.cfapps.sa30.hana.ondemand.com",
      "protocol" : "https",
      "default-live-app-name" : "CAPM",
      "default-live-domain" : "cfapps.sa30.hana.ondemand.com",
      "disk-quota" : "256M",
      "domain" : "cfapps.sa30.hana.ondemand.com",
      "host" : "development-development-capm",
      "generated-user" : "********"
    },
    "requiredDependencies" : [ {
      "majorSchemaVersion" : 3,
      "name" : "srv-api",
      "group" : "destinations",
      "properties" : {
        "name" : "srv-api",
        "forwardAuthToken" : "********",
        "url" : "https://development-development-capm-srv.cfapps.sa30.hana.ondemand.com"
      },
      "parameters" : { },
      "propertiesMetadata" : {
        "metadata" : { }
      },
      "parametersMetadata" : {
        "metadata" : { }
      }
    }, {
      "majorSchemaVersion" : 3,
      "name" : "********",
      "properties" : { },
      "parameters" : { },
      "propertiesMetadata" : {
        "metadata" : { }
      },
      "parametersMetadata" : {
        "metadata" : { }
      }
    }, {
      "majorSchemaVersion" : 3,
      "name" : "CAPM-html5repo-runtime",
      "properties" : { },
      "parameters" : { },
      "propertiesMetadata" : {
        "metadata" : { }
      },
      "parametersMetadata" : {
        "metadata" : { }
      }
    } ],
    "providedDependencies" : [ {
      "majorSchemaVersion" : 3,
      "name" : "app-api",
      "isPublic" : false,
      "properties" : {
        "app-protocol" : "https",
        "app-uri" : "development-development-capm.cfapps.sa30.hana.ondemand.com"
      },
      "parameters" : { },
      "propertiesMetadata" : {
        "metadata" : { }
      },
      "parametersMetadata" : {
        "metadata" : { }
      }
    }, {
      "majorSchemaVersion" : 3,
      "name" : "CAPM",
      "isPublic" : false,
      "properties" : { },
      "parameters" : { },
      "propertiesMetadata" : {
        "metadata" : { }
      },
      "parametersMetadata" : {
        "metadata" : { }
      }
    } ],
    "propertiesMetadata" : {
      "metadata" : { }
    },
    "parametersMetadata" : {
      "metadata" : { }
    },
    "hooks" : [ ]
  }, {
    "majorSchemaVersion" : 3,
    "name" : "CAPM-html5-deployer",
    "type" : "javascript.nodejs",
    "path" : "CAPM-html5-deployer",
    "properties" : { },
    "parameters" : {
      "default-url" : "https://development-development-capm-html5-deployer.cfapps.sa30.hana.ondemand.com",
      "default-app-name" : "CAPM-html5-deployer",
      "generated-password" : "********",
      "default-live-url" : "https://development-development-capm-html5-deployer.cfapps.sa30.hana.ondemand.com",
      "default-uri" : "development-development-capm-html5-deployer.cfapps.sa30.hana.ondemand.com",
      "memory" : "256M",
      "default-instances" : 1,
      "no-route" : true,
      "default-live-host" : "development-development-capm-html5-deployer",
      "instances" : 1,
      "buildpack" : "nodejs_buildpack",
      "default-host" : "development-development-capm-html5-deployer",
      "app-name" : "CAPM-html5-deployer",
      "default-live-uri" : "development-development-capm-html5-deployer.cfapps.sa30.hana.ondemand.com",
      "protocol" : "https",
      "default-live-app-name" : "CAPM-html5-deployer",
      "default-live-domain" : "cfapps.sa30.hana.ondemand.com",
      "disk-quota" : "512M",
      "domain" : "cfapps.sa30.hana.ondemand.com",
      "host" : "development-development-capm-html5-deployer",
      "generated-user" : "********",
      "tasks" : [ {
        "command" : "npm start",
        "disk-quota" : "512M",
        "memory" : "256M",
        "name" : "deploy-html5-content"
      } ],
      "no-start" : true
    },
    "requiredDependencies" : [ {
      "majorSchemaVersion" : 3,
      "name" : "CAPM-html5repo",
      "properties" : { },
      "parameters" : { },
      "propertiesMetadata" : {
        "metadata" : { }
      },
      "parametersMetadata" : {
        "metadata" : { }
      }
    } ],
    "providedDependencies" : [ {
      "majorSchemaVersion" : 3,
      "name" : "CAPM-html5-deployer",
      "isPublic" : false,
      "properties" : { },
      "parameters" : { },
      "propertiesMetadata" : {
        "metadata" : { }
      },
      "parametersMetadata" : {
        "metadata" : { }
      }
    } ],
    "propertiesMetadata" : {
      "metadata" : { }
    },
    "parametersMetadata" : {
      "metadata" : { }
    },
    "hooks" : [ ]
  } ],
  "resources" : [ {
    "majorSchemaVersion" : 3,
    "name" : "********",
    "type" : "org.cloudfoundry.managed-service",
    "properties" : { },
    "parameters" : {
      "generated-password" : "********",
      "path" : "./xs-security.json",
      "service-name" : "********",
      "service-plan" : "application",
      "service" : "xsuaa",
      "generated-user" : "********",
      "default-xsappname" : "********",
      "type" : "managed-service",
      "config" : {
        "oauth2-configuration" : "********",
        "tenant-mode" : "dedicated",
        "xsappname" : "CAPM-development-development"
      },
      "default-service-name" : "********",
      "default-container-name" : "********"
    },
    "isActive" : true,
    "isOptional" : false,
    "propertiesMetadata" : {
      "metadata" : { }
    },
    "parametersMetadata" : {
      "metadata" : { }
    },
    "requiredDependencies" : [ {
      "majorSchemaVersion" : 3,
      "name" : "app-api",
      "properties" : { },
      "parameters" : { },
      "propertiesMetadata" : {
        "metadata" : { }
      },
      "parametersMetadata" : {
        "metadata" : { }
      }
    } ],
    "processedAfter" : [ ]
  }, {
    "majorSchemaVersion" : 3,
    "name" : "CAPM-html5repo",
    "type" : "org.cloudfoundry.managed-service",
    "properties" : { },
    "parameters" : {
      "generated-password" : "********",
      "service-name" : "CAPM-html5repo",
      "service-plan" : "app-host",
      "service" : "html5-apps-repo",
      "generated-user" : "********",
      "default-xsappname" : "CAPM-html5repo",
      "type" : "managed-service",
      "default-service-name" : "CAPM-html5repo",
      "default-container-name" : "DEVELOPMENT_DEVELOPMENT_CAPM_HTML5REPO"
    },
    "isActive" : true,
    "isOptional" : false,
    "propertiesMetadata" : {
      "metadata" : { }
    },
    "parametersMetadata" : {
      "metadata" : { }
    },
    "requiredDependencies" : [ ],
    "processedAfter" : [ ]
  }, {
    "majorSchemaVersion" : 3,
    "name" : "CAPM-html5repo-runtime",
    "type" : "org.cloudfoundry.managed-service",
    "properties" : { },
    "parameters" : {
      "generated-password" : "********",
      "service-name" : "CAPM-html5repo-runtime",
      "service-plan" : "app-runtime",
      "service" : "html5-apps-repo",
      "generated-user" : "********",
      "default-xsappname" : "CAPM-html5repo-runtime",
      "type" : "managed-service",
      "default-service-name" : "CAPM-html5repo-runtime",
      "default-container-name" : "DEVELOPMENT_DEVELOPMENT_CAPM_HTML5REPO_RUNTIME"
    },
    "isActive" : true,
    "isOptional" : false,
    "propertiesMetadata" : {
      "metadata" : { }
    },
    "parametersMetadata" : {
      "metadata" : { }
    },
    "requiredDependencies" : [ ],
    "processedAfter" : [ ]
  } ],
  "parameters" : {
    "mta-id" : "CAPM",
    "authorization-url" : "********",
    "org-guid" : "377e4df2-1d9a-4b69-bf75-41cb9421f62b",
    "org" : "development",
    "deploy-target" : "development development",
    "enable-parallel-deployments" : true,
    "region-primary-domain" : "sa30.hana.ondemand.com",
    "space" : "development",
    "region-domain" : "sa30.hana.ondemand.com",
    "xs-api-url" : "https://api.cf.sa30.hana.ondemand.com",
    "deploy-url" : "deploy-service.cfapps.sa30.hana.ondemand.com",
    "xs-type" : "CF",
    "default-domain" : "cfapps.sa30.hana.ondemand.com",
    "mta-version" : "1.0.0",
    "xs-auth-url" : "********",
    "space-guid" : "4fc54213-8be3-419b-80ae-a99f2c7b387b",
    "user" : "********",
    "controller-url" : "https://api.cf.sa30.hana.ondemand.com",
    "timestamp" : "20260522201236"
  },
  "parametersMetadata" : {
    "metadata" : { }
  }
}#
#2026 05 22 20:12:38.077#Z#DEBUG#935167e9-561a-11f1-95bd-eeee0a9c03bf.OPERATION#flowable-async-job-executor-thread-1220#
[ProcessDescriptorStep] Merged descriptor properties and parameters resolved#
#2026 05 22 20:12:38.077#Z#DEBUG#935167e9-561a-11f1-95bd-eeee0a9c03bf.OPERATION#flowable-async-job-executor-thread-1220#
Step "Process Descriptor Step" finished#
#2026 05 22 20:12:38.142#Z#DEBUG#935167e9-561a-11f1-95bd-eeee0a9c03bf.OPERATION#flowable-async-job-executor-thread-1213#
[XS2BuildCloudDeployModelStep] Executing task "buildDeployModelTask" of process "9351680f-561a-11f1-95bd-eeee0a9c03bf"...#
#2026 05 22 20:12:38.149#Z#DEBUG#935167e9-561a-11f1-95bd-eeee0a9c03bf.OPERATION#flowable-async-job-executor-thread-1213#
[XS2BuildCloudDeployModelStep] Service keys defined for content deployment grouped by service name: { }#
#2026 05 22 20:12:38.149#Z#DEBUG#935167e9-561a-11f1-95bd-eeee0a9c03bf.OPERATION#flowable-async-job-executor-thread-1213#
[XS2BuildCloudDeployModelStep] Building cloud deployment model...#
#2026 05 22 20:12:38.153#Z#DEBUG#935167e9-561a-11f1-95bd-eeee0a9c03bf.OPERATION#flowable-async-job-executor-thread-1213#
[XS2BuildCloudDeployModelStep] MTA archive modules: [CAPM, CAPM-html5-deployer, CAPM-srv]#
#2026 05 22 20:12:38.153#Z#DEBUG#935167e9-561a-11f1-95bd-eeee0a9c03bf.OPERATION#flowable-async-job-executor-thread-1213#
[XS2BuildCloudDeployModelStep] Deployed modules: [CAPM, CAPM-html5-deployer, CAPM-srv]#
#2026 05 22 20:12:38.155#Z#DEBUG#935167e9-561a-11f1-95bd-eeee0a9c03bf.OPERATION#flowable-async-job-executor-thread-1213#
[XS2BuildCloudDeployModelStep] MTA modules: [CAPM, CAPM-html5-deployer, CAPM-srv]#
#2026 05 22 20:12:38.156#Z#DEBUG#935167e9-561a-11f1-95bd-eeee0a9c03bf.OPERATION#flowable-async-job-executor-thread-1213#
[XS2BuildCloudDeployModelStep] Service keys to create: {
  "CAPM-html5repo" : [ ],
  "CAPM-html5repo-runtime" : [ ],
  "CAPM-auth" : "********"
}#
#2026 05 22 20:12:38.182#Z#DEBUG#935167e9-561a-11f1-95bd-eeee0a9c03bf.OPERATION#flowable-async-job-executor-thread-1213#
[XS2BuildCloudDeployModelStep] Modules to deploy: [{
  "majorSchemaVersion" : 3,
  "name" : "CAPM-srv",
  "type" : "javascript.nodejs",
  "path" : "CAPM-srv",
  "properties" : { },
  "parameters" : {
    "default-url" : "https://development-development-capm-srv.cfapps.sa30.hana.ondemand.com",
    "default-app-name" : "CAPM-srv",
    "generated-password" : "********",
    "default-live-url" : "https://development-development-capm-srv.cfapps.sa30.hana.ondemand.com",
    "default-uri" : "development-development-capm-srv.cfapps.sa30.hana.ondemand.com",
    "default-instances" : 1,
    "default-live-host" : "development-development-capm-srv",
    "instances" : 1,
    "buildpack" : "nodejs_buildpack",
    "default-host" : "development-development-capm-srv",
    "app-name" : "CAPM-srv",
    "default-live-uri" : "development-development-capm-srv.cfapps.sa30.hana.ondemand.com",
    "protocol" : "https",
    "default-live-app-name" : "CAPM-srv",
    "default-live-domain" : "cfapps.sa30.hana.ondemand.com",
    "dependency-type" : "soft",
    "domain" : "cfapps.sa30.hana.ondemand.com",
    "host" : "development-development-capm-srv",
    "generated-user" : "********"
  },
  "requiredDependencies" : [ {
    "majorSchemaVersion" : 3,
    "name" : "********",
    "properties" : { },
    "parameters" : { },
    "propertiesMetadata" : {
      "metadata" : { }
    },
    "parametersMetadata" : {
      "metadata" : { }
    }
  } ],
  "providedDependencies" : [ {
    "majorSchemaVersion" : 3,
    "name" : "srv-api",
    "isPublic" : false,
    "properties" : {
      "srv-url" : "https://development-development-capm-srv.cfapps.sa30.hana.ondemand.com"
    },
    "parameters" : { },
    "propertiesMetadata" : {
      "metadata" : { }
    },
    "parametersMetadata" : {
      "metadata" : { }
    }
  }, {
    "majorSchemaVersion" : 3,
    "name" : "CAPM-srv",
    "isPublic" : false,
    "properties" : { },
    "parameters" : { },
    "propertiesMetadata" : {
      "metadata" : { }
    },
    "parametersMetadata" : {
      "metadata" : { }
    }
  } ],
  "propertiesMetadata" : {
    "metadata" : { }
  },
  "parametersMetadata" : {
    "metadata" : { }
  },
  "deployedAfter" : [ ],
  "hooks" : [ ]
}, {
  "majorSchemaVersion" : 3,
  "name" : "CAPM",
  "type" : "javascript.nodejs",
  "path" : "CAPM",
  "properties" : { },
  "parameters" : {
    "default-url" : "https://development-development-capm.cfapps.sa30.hana.ondemand.com",
    "default-app-name" : "CAPM",
    "generated-password" : "********",
    "default-live-url" : "https://development-development-capm.cfapps.sa30.hana.ondemand.com",
    "default-uri" : "development-development-capm.cfapps.sa30.hana.ondemand.com",
    "memory" : "256M",
    "default-instances" : 1,
    "default-live-host" : "development-development-capm",
    "instances" : 1,
    "default-host" : "development-development-capm",
    "keep-existing-routes" : true,
    "app-name" : "CAPM",
    "default-live-uri" : "development-development-capm.cfapps.sa30.hana.ondemand.com",
    "protocol" : "https",
    "default-live-app-name" : "CAPM",
    "default-live-domain" : "cfapps.sa30.hana.ondemand.com",
    "disk-quota" : "256M",
    "dependency-type" : "soft",
    "domain" : "cfapps.sa30.hana.ondemand.com",
    "host" : "development-development-capm",
    "generated-user" : "********"
  },
  "requiredDependencies" : [ {
    "majorSchemaVersion" : 3,
    "name" : "srv-api",
    "group" : "destinations",
    "properties" : {
      "name" : "srv-api",
      "forwardAuthToken" : "********",
      "url" : "https://development-development-capm-srv.cfapps.sa30.hana.ondemand.com"
    },
    "parameters" : { },
    "propertiesMetadata" : {
      "metadata" : { }
    },
    "parametersMetadata" : {
      "metadata" : { }
    }
  }, {
    "majorSchemaVersion" : 3,
    "name" : "********",
    "properties" : { },
    "parameters" : { },
    "propertiesMetadata" : {
      "metadata" : { }
    },
    "parametersMetadata" : {
      "metadata" : { }
    }
  }, {
    "majorSchemaVersion" : 3,
    "name" : "CAPM-html5repo-runtime",
    "properties" : { },
    "parameters" : { },
    "propertiesMetadata" : {
      "metadata" : { }
    },
    "parametersMetadata" : {
      "metadata" : { }
    }
  } ],
  "providedDependencies" : [ {
    "majorSchemaVersion" : 3,
    "name" : "app-api",
    "isPublic" : false,
    "properties" : {
      "app-protocol" : "https",
      "app-uri" : "development-development-capm.cfapps.sa30.hana.ondemand.com"
    },
    "parameters" : { },
    "propertiesMetadata" : {
      "metadata" : { }
    },
    "parametersMetadata" : {
      "metadata" : { }
    }
  }, {
    "majorSchemaVersion" : 3,
    "name" : "CAPM",
    "isPublic" : false,
    "properties" : { },
    "parameters" : { },
    "propertiesMetadata" : {
      "metadata" : { }
    },
    "parametersMetadata" : {
      "metadata" : { }
    }
  } ],
  "propertiesMetadata" : {
    "metadata" : { }
  },
  "parametersMetadata" : {
    "metadata" : { }
  },
  "deployedAfter" : [ ],
  "hooks" : [ ]
}, {
  "majorSchemaVersion" : 3,
  "name" : "CAPM-html5-deployer",
  "type" : "javascript.nodejs",
  "path" : "CAPM-html5-deployer",
  "properties" : { },
  "parameters" : {
    "default-url" : "https://development-development-capm-html5-deployer.cfapps.sa30.hana.ondemand.com",
    "default-app-name" : "CAPM-html5-deployer",
    "generated-password" : "********",
    "default-live-url" : "https://development-development-capm-html5-deployer.cfapps.sa30.hana.ondemand.com",
    "default-uri" : "development-development-capm-html5-deployer.cfapps.sa30.hana.ondemand.com",
    "memory" : "256M",
    "default-instances" : 1,
    "no-route" : true,
    "default-live-host" : "development-development-capm-html5-deployer",
    "instances" : 1,
    "buildpack" : "nodejs_buildpack",
    "default-host" : "development-development-capm-html5-deployer",
    "app-name" : "CAPM-html5-deployer",
    "default-live-uri" : "development-development-capm-html5-deployer.cfapps.sa30.hana.ondemand.com",
    "protocol" : "https",
    "default-live-app-name" : "CAPM-html5-deployer",
    "default-live-domain" : "cfapps.sa30.hana.ondemand.com",
    "disk-quota" : "512M",
    "dependency-type" : "soft",
    "domain" : "cfapps.sa30.hana.ondemand.com",
    "host" : "development-development-capm-html5-deployer",
    "generated-user" : "********",
    "tasks" : [ {
      "command" : "npm start",
      "disk-quota" : "512M",
      "memory" : "256M",
      "name" : "deploy-html5-content"
    } ],
    "no-start" : true
  },
  "requiredDependencies" : [ {
    "majorSchemaVersion" : 3,
    "name" : "CAPM-html5repo",
    "properties" : { },
    "parameters" : { },
    "propertiesMetadata" : {
      "metadata" : { }
    },
    "parametersMetadata" : {
      "metadata" : { }
    }
  } ],
  "providedDependencies" : [ {
    "majorSchemaVersion" : 3,
    "name" : "CAPM-html5-deployer",
    "isPublic" : false,
    "properties" : { },
    "parameters" : { },
    "propertiesMetadata" : {
      "metadata" : { }
    },
    "parametersMetadata" : {
      "metadata" : { }
    }
  } ],
  "propertiesMetadata" : {
    "metadata" : { }
  },
  "parametersMetadata" : {
    "metadata" : { }
  },
  "deployedAfter" : [ ],
  "hooks" : [ ]
}]#
#2026 05 22 20:12:38.183#Z#DEBUG#935167e9-561a-11f1-95bd-eeee0a9c03bf.OPERATION#flowable-async-job-executor-thread-1213#
[XS2BuildCloudDeployModelStep] Custom domains: []#
#2026 05 22 20:12:38.186#Z#DEBUG#935167e9-561a-11f1-95bd-eeee0a9c03bf.OPERATION#flowable-async-job-executor-thread-1213#
[XS2BuildCloudDeployModelStep] Calculating resource batches...#
#2026 05 22 20:12:38.186#Z#DEBUG#935167e9-561a-11f1-95bd-eeee0a9c03bf.OPERATION#flowable-async-job-executor-thread-1213#
[XS2BuildCloudDeployModelStep] Calculating resource batches completed.#
#2026 05 22 20:12:38.186#Z#DEBUG#935167e9-561a-11f1-95bd-eeee0a9c03bf.OPERATION#flowable-async-job-executor-thread-1213#
[XS2BuildCloudDeployModelStep] Cloud deployment model built#
#2026 05 22 20:12:38.186#Z#DEBUG#935167e9-561a-11f1-95bd-eeee0a9c03bf.OPERATION#flowable-async-job-executor-thread-1213#
Step "Build Deploy Model" finished#
#2026 05 22 20:12:38.254#Z#DEBUG#935167e9-561a-11f1-95bd-eeee0a9c03bf.OPERATION#flowable-async-job-executor-thread-1213#
[BuildCloudUndeployModelStep] Executing task "buildUndeployModelTask" of process "9351680f-561a-11f1-95bd-eeee0a9c03bf"...#
#2026 05 22 20:12:38.256#Z#DEBUG#935167e9-561a-11f1-95bd-eeee0a9c03bf.OPERATION#flowable-async-job-executor-thread-1213#
[BuildCloudUndeployModelStep] Building cloud undeployment model...#
#2026 05 22 20:12:38.261#Z#DEBUG#935167e9-561a-11f1-95bd-eeee0a9c03bf.OPERATION#flowable-async-job-executor-thread-1213#
[BuildCloudUndeployModelStep] Detecting service keys to delete.#
#2026 05 22 20:12:38.263#Z#DEBUG#935167e9-561a-11f1-95bd-eeee0a9c03bf.OPERATION#flowable-async-job-executor-thread-1213#
[BuildCloudUndeployModelStep] No deployed service keys detected!#
#2026 05 22 20:12:38.263#Z#DEBUG#935167e9-561a-11f1-95bd-eeee0a9c03bf.OPERATION#flowable-async-job-executor-thread-1213#
[BuildCloudUndeployModelStep] Detected service keys to delete "[]"#
#2026 05 22 20:12:38.273#Z#DEBUG#935167e9-561a-11f1-95bd-eeee0a9c03bf.OPERATION#flowable-async-job-executor-thread-1213#
[BuildCloudUndeployModelStep] MTA modules: [CAPM, CAPM-html5-deployer, CAPM-srv]#
#2026 05 22 20:12:38.273#Z#DEBUG#935167e9-561a-11f1-95bd-eeee0a9c03bf.OPERATION#flowable-async-job-executor-thread-1213#
[BuildCloudUndeployModelStep] Modules to undeploy: [ ]#
#2026 05 22 20:12:38.273#Z#DEBUG#935167e9-561a-11f1-95bd-eeee0a9c03bf.OPERATION#flowable-async-job-executor-thread-1213#
[BuildCloudUndeployModelStep] Modules that won't be changed: [ ]#
#2026 05 22 20:12:38.275#Z#DEBUG#935167e9-561a-11f1-95bd-eeee0a9c03bf.OPERATION#flowable-async-job-executor-thread-1213#
[BuildCloudUndeployModelStep] Subscriptions to delete: [ ]#
#2026 05 22 20:12:38.279#Z#DEBUG#935167e9-561a-11f1-95bd-eeee0a9c03bf.OPERATION#flowable-async-job-executor-thread-1213#
[BuildCloudUndeployModelStep] Cloud services to delete: []#
#2026 05 22 20:12:38.279#Z#DEBUG#935167e9-561a-11f1-95bd-eeee0a9c03bf.OPERATION#flowable-async-job-executor-thread-1213#
[BuildCloudUndeployModelStep] Cloud applications to undeploy: [ ]#
#2026 05 22 20:12:38.286#Z#DEBUG#935167e9-561a-11f1-95bd-eeee0a9c03bf.OPERATION#flowable-async-job-executor-thread-1213#
[BuildCloudUndeployModelStep] Cloud undeployment model built#
#2026 05 22 20:12:38.286#Z#DEBUG#935167e9-561a-11f1-95bd-eeee0a9c03bf.OPERATION#flowable-async-job-executor-thread-1213#
Step "Build Undeploy Model" finished#
#2026 05 22 20:12:38.352#Z#DEBUG#935167e9-561a-11f1-95bd-eeee0a9c03bf.OPERATION#flowable-async-job-executor-thread-1213#
[AddDomainsStep] Executing task "addDomainsTask" of process "9351680f-561a-11f1-95bd-eeee0a9c03bf"...#
#2026 05 22 20:12:38.356#Z#DEBUG#935167e9-561a-11f1-95bd-eeee0a9c03bf.OPERATION#flowable-async-job-executor-thread-1213#
[AddDomainsStep] Custom domains: []#
#2026 05 22 20:12:38.356#Z#DEBUG#935167e9-561a-11f1-95bd-eeee0a9c03bf.OPERATION#flowable-async-job-executor-thread-1213#
Step "Add Domains" finished#
#2026 05 22 20:12:38.557#Z#DEBUG#935167e9-561a-11f1-95bd-eeee0a9c03bf.OPERATION#flowable-async-job-executor-thread-1217#
[ExtractBatchedServicesWithResolvedDynamicParametersStep] Executing task "prepareModulesDeploymentTask" of process "94721a5f-561a-11f1-95bd-eeee0a9c03bf"...#
#2026 05 22 20:12:38.559#Z#DEBUG#935167e9-561a-11f1-95bd-eeee0a9c03bf.OPERATION#flowable-async-job-executor-thread-1217#
[ExtractBatchedServicesWithResolvedDynamicParametersStep] Extracting services and resolving dynamic parameters from batch#
#2026 05 22 20:12:38.561#Z#DEBUG#935167e9-561a-11f1-95bd-eeee0a9c03bf.OPERATION#flowable-async-job-executor-thread-1217#
[ExtractBatchedServicesWithResolvedDynamicParametersStep] Services to create: [ {
  "isOptional" : false,
  "isManaged" : true,
  "name" : "********",
  "v3Metadata" : {
    "annotations" : {
      "mta_id" : "CAPM",
      "mta_version" : "1.0.0",
      "mta_resource" : "********"
    },
    "labels" : {
      "mta_id" : "32806d5c160b5a14d2f8d91bc25fe225"
    }
  },
  "label" : "xsuaa",
  "plan" : "application",
  "credentials" : "********",
  "tags" : [ ],
  "type" : "managed",
  "resourceName" : "********",
  "shouldSkipParametersUpdate" : false,
  "shouldSkipPlanUpdate" : false,
  "shouldSkipTagsUpdate" : false,
  "shouldSkipSyslogUrlUpdate" : false
}, {
  "isOptional" : false,
  "isManaged" : true,
  "name" : "CAPM-html5repo",
  "v3Metadata" : {
    "annotations" : {
      "mta_id" : "CAPM",
      "mta_version" : "1.0.0",
      "mta_resource" : "{\"name\":\"CAPM-html5repo\"}"
    },
    "labels" : {
      "mta_id" : "32806d5c160b5a14d2f8d91bc25fe225"
    }
  },
  "label" : "html5-apps-repo",
  "plan" : "app-host",
  "credentials" : "********",
  "tags" : [ ],
  "type" : "managed",
  "resourceName" : "CAPM-html5repo",
  "shouldSkipParametersUpdate" : false,
  "shouldSkipPlanUpdate" : false,
  "shouldSkipTagsUpdate" : false,
  "shouldSkipSyslogUrlUpdate" : false
}, {
  "isOptional" : false,
  "isManaged" : true,
  "name" : "CAPM-html5repo-runtime",
  "v3Metadata" : {
    "annotations" : {
      "mta_id" : "CAPM",
      "mta_version" : "1.0.0",
      "mta_resource" : "{\"name\":\"CAPM-html5repo-runtime\"}"
    },
    "labels" : {
      "mta_id" : "32806d5c160b5a14d2f8d91bc25fe225"
    }
  },
  "label" : "html5-apps-repo",
  "plan" : "app-runtime",
  "credentials" : "********",
  "tags" : [ ],
  "type" : "managed",
  "resourceName" : "CAPM-html5repo-runtime",
  "shouldSkipParametersUpdate" : false,
  "shouldSkipPlanUpdate" : false,
  "shouldSkipTagsUpdate" : false,
  "shouldSkipSyslogUrlUpdate" : false
} ]#
#2026 05 22 20:12:38.564#Z#DEBUG#935167e9-561a-11f1-95bd-eeee0a9c03bf.OPERATION#flowable-async-job-executor-thread-1217#
Step "Extract Services with Resolved Dynamic parameters from batch" finished#
#2026 05 22 20:12:38.717#Z#DEBUG#935167e9-561a-11f1-95bd-eeee0a9c03bf.OPERATION#flowable-async-job-executor-thread-1217#
[CheckServiceOperationStateStep] Executing task "CheckServiceOperationStateTask" of process "948be332-561a-11f1-95bd-eeee0a9c03bf"...#
#2026 05 22 20:12:38.719#Z#DEBUG#935167e9-561a-11f1-95bd-eeee0a9c03bf.OPERATION#flowable-async-job-executor-thread-1217#
[CheckServiceOperationStateStep] Getting service instance "CAPM-html5repo"...#
#2026 05 22 20:12:38.858#Z#DEBUG#935167e9-561a-11f1-95bd-eeee0a9c03bf.OPERATION#flowable-async-job-executor-thread-1217#
Step "Check for service operations in Progress" finished#
#2026 05 22 20:12:38.910#Z#DEBUG#935167e9-561a-11f1-95bd-eeee0a9c03bf.OPERATION#flowable-async-job-executor-thread-1215#
[DetermineServiceCreateUpdateServiceActionsStep] Executing task "DetermineServiceCreateUpdateActionsTask" of process "948be332-561a-11f1-95bd-eeee0a9c03bf"...#
#2026 05 22 20:12:38.914#Z#INFO#935167e9-561a-11f1-95bd-eeee0a9c03bf.OPERATION#flowable-async-job-executor-thread-1215#
[DetermineServiceCreateUpdateServiceActionsStep] Processing service "CAPM-html5repo"...#
#2026 05 22 20:12:38.925#Z#DEBUG#935167e9-561a-11f1-95bd-eeee0a9c03bf.OPERATION#flowable-async-job-executor-thread-1215#
[DetermineServiceCreateUpdateServiceActionsStep] Getting service instance "CAPM-html5repo"...#
#2026 05 22 20:12:39.063#Z#DEBUG#935167e9-561a-11f1-95bd-eeee0a9c03bf.OPERATION#flowable-async-job-executor-thread-1215#
[DetermineServiceCreateUpdateServiceActionsStep] Existing service: {
  "name" : "CAPM-html5repo",
  "metadata" : {
    "guid" : "d3283f97-35fb-4df4-b986-4cf7eec95e0b",
    "createdAt" : [ 2026, 5, 21, 14, 43, 47 ],
    "updatedAt" : [ 2026, 5, 21, 14, 43, 49 ]
  },
  "v3Metadata" : {
    "annotations" : {
      "mta_id" : "CAPM",
      "mta_version" : "1.0.0",
      "mta_resource" : "{\"name\":\"CAPM-html5repo\"}"
    },
    "labels" : {
      "mta_id" : "32806d5c160b5a14d2f8d91bc25fe225"
    }
  },
  "label" : "html5-apps-repo",
  "plan" : "app-host",
  "credentials" : "********",
  "tags" : [ ],
  "type" : "managed",
  "lastOperation" : {
    "type" : "CREATE",
    "description" : "",
    "state" : "SUCCEEDED"
  }
}#
#2026 05 22 20:12:39.063#Z#WARN#935167e9-561a-11f1-95bd-eeee0a9c03bf.OPERATION#flowable-async-job-executor-thread-1215#
[DetermineServiceCreateUpdateServiceActionsStep] Service parameters for service "CAPM-html5repo" will not be updated, as the parameters are not defined or empty.#
#2026 05 22 20:12:39.064#Z#DEBUG#935167e9-561a-11f1-95bd-eeee0a9c03bf.OPERATION#flowable-async-job-executor-thread-1215#
Step "Determine update actions" finished#
#2026 05 22 20:12:39.146#Z#DEBUG#935167e9-561a-11f1-95bd-eeee0a9c03bf.OPERATION#flowable-async-job-executor-thread-1216#
[CheckForServiceBindingOrKeyOperationStep] Executing task "CheckForServiceBindingOrKeyCreation" of process "948be332-561a-11f1-95bd-eeee0a9c03bf"...#
#2026 05 22 20:12:39.150#Z#DEBUG#935167e9-561a-11f1-95bd-eeee0a9c03bf.OPERATION#flowable-async-job-executor-thread-1216#
Step "Check for service binding or key creation" finished#
#2026 05 22 20:12:40.028#Z#DEBUG#935167e9-561a-11f1-95bd-eeee0a9c03bf.OPERATION#flowable-async-job-executor-thread-1220#
[CheckServiceOperationStateStep] Executing task "CheckServiceOperationStateTask" of process "9553c76b-561a-11f1-95bd-eeee0a9c03bf"...#
#2026 05 22 20:12:40.030#Z#DEBUG#935167e9-561a-11f1-95bd-eeee0a9c03bf.OPERATION#flowable-async-job-executor-thread-1220#
[CheckServiceOperationStateStep] Getting service instance "CAPM-auth"...#
#2026 05 22 20:12:40.136#Z#DEBUG#935167e9-561a-11f1-95bd-eeee0a9c03bf.OPERATION#flowable-async-job-executor-thread-1220#
Step "Check for service operations in Progress" finished#
#2026 05 22 20:12:40.190#Z#DEBUG#935167e9-561a-11f1-95bd-eeee0a9c03bf.OPERATION#flowable-async-job-executor-thread-1220#
[DetermineServiceCreateUpdateServiceActionsStep] Executing task "DetermineServiceCreateUpdateActionsTask" of process "9553c76b-561a-11f1-95bd-eeee0a9c03bf"...#
#2026 05 22 20:12:40.194#Z#INFO#935167e9-561a-11f1-95bd-eeee0a9c03bf.OPERATION#flowable-async-job-executor-thread-1220#
[DetermineServiceCreateUpdateServiceActionsStep] Processing service "CAPM-auth"...#
#2026 05 22 20:12:40.201#Z#DEBUG#935167e9-561a-11f1-95bd-eeee0a9c03bf.OPERATION#flowable-async-job-executor-thread-1220#
[DetermineServiceCreateUpdateServiceActionsStep] Getting service instance "CAPM-auth"...#
#2026 05 22 20:12:40.316#Z#INFO#935167e9-561a-11f1-95bd-eeee0a9c03bf.OPERATION#flowable-async-job-executor-thread-1220#
[DetermineServiceCreateUpdateServiceActionsStep] Setting service "CAPM-auth" parameters from "xs-security.json"#
#2026 05 22 20:12:40.383#Z#DEBUG#935167e9-561a-11f1-95bd-eeee0a9c03bf.OPERATION#flowable-async-job-executor-thread-1220#
[DetermineServiceCreateUpdateServiceActionsStep] Existing service: {
  "name" : "********",
  "metadata" : {
    "guid" : "3cf3a502-cc5d-480e-83e2-501d608fe3d8",
    "createdAt" : [ 2026, 5, 13, 8, 50, 12 ],
    "updatedAt" : [ 2026, 5, 13, 8, 50, 12 ]
  },
  "v3Metadata" : {
    "annotations" : {
      "mta_id" : "CAPM",
      "mta_version" : "1.0.0",
      "mta_resource" : "********"
    },
    "labels" : {
      "mta_id" : "32806d5c160b5a14d2f8d91bc25fe225"
    }
  },
  "label" : "xsuaa",
  "plan" : "application",
  "credentials" : "********",
  "tags" : [ ],
  "type" : "managed",
  "lastOperation" : {
    "type" : "UPDATE",
    "description" : "",
    "state" : "SUCCEEDED"
  }
}#
#2026 05 22 20:12:40.383#Z#DEBUG#935167e9-561a-11f1-95bd-eeee0a9c03bf.OPERATION#flowable-async-job-executor-thread-1220#
[DetermineServiceCreateUpdateServiceActionsStep] Service parameters will be updated#
#2026 05 22 20:12:40.383#Z#DEBUG#935167e9-561a-11f1-95bd-eeee0a9c03bf.OPERATION#flowable-async-job-executor-thread-1220#
[DetermineServiceCreateUpdateServiceActionsStep] New parameters: {
  "attributes" : [ ],
  "authorities-inheritance" : "********",
  "oauth2-configuration" : "********",
  "role-collections" : [ {
    "name" : "********",
    "description" : "********",
    "role-template-references" : [ "********" ]
  } ],
  "role-templates" : [ {
    "name" : "********",
    "description" : "********",
    "scope-references" : [ "********" ],
    "attribute-references" : [ ]
  } ],
  "scopes" : [ {
    "name" : "********",
    "description" : "********"
  } ],
  "tenant-mode" : "dedicated",
  "xsappname" : "CAPM-development-development"
}#
#2026 05 22 20:12:40.384#Z#DEBUG#935167e9-561a-11f1-95bd-eeee0a9c03bf.OPERATION#flowable-async-job-executor-thread-1220#
Step "Determine update actions" finished#
#2026 05 22 20:12:40.465#Z#DEBUG#935167e9-561a-11f1-95bd-eeee0a9c03bf.OPERATION#flowable-async-job-executor-thread-1220#
[CheckForServiceBindingOrKeyOperationStep] Executing task "CheckForServiceBindingOrKeyCreation" of process "9553c76b-561a-11f1-95bd-eeee0a9c03bf"...#
#2026 05 22 20:12:40.469#Z#DEBUG#935167e9-561a-11f1-95bd-eeee0a9c03bf.OPERATION#flowable-async-job-executor-thread-1220#
Step "Check for service binding or key creation" finished#
#2026 05 22 20:12:40.538#Z#DEBUG#935167e9-561a-11f1-95bd-eeee0a9c03bf.OPERATION#flowable-async-job-executor-thread-1220#
[UpdateServiceParametersStep] Executing task "UpdateServiceParametersTask" of process "9553c76b-561a-11f1-95bd-eeee0a9c03bf"...#
#2026 05 22 20:12:40.543#Z#INFO#935167e9-561a-11f1-95bd-eeee0a9c03bf.OPERATION#flowable-async-job-executor-thread-1220#
[UpdateServiceParametersStep] Updating service "CAPM-auth"...#
#2026 05 22 20:12:40.551#Z#DEBUG#935167e9-561a-11f1-95bd-eeee0a9c03bf.OPERATION#flowable-async-job-executor-thread-1220#
[UpdateServiceParametersStep] Updating service parameters for service "CAPM-auth"...#
#2026 05 22 20:12:40.658#Z#DEBUG#935167e9-561a-11f1-95bd-eeee0a9c03bf.OPERATION#flowable-async-job-executor-thread-1220#
[UpdateServiceParametersStep] Service "CAPM-auth" updated#
#2026 05 22 20:12:40.658#Z#DEBUG#935167e9-561a-11f1-95bd-eeee0a9c03bf.OPERATION#flowable-async-job-executor-thread-1220#
[UpdateServiceParametersStep] Triggered service operations: {
  "CAPM-auth" : "UPDATE"
}#
#2026 05 22 20:12:40.661#Z#DEBUG#935167e9-561a-11f1-95bd-eeee0a9c03bf.OPERATION#flowable-async-job-executor-thread-1220#
Step "Update parameters" finished#
#2026 05 22 20:12:40.707#Z#DEBUG#935167e9-561a-11f1-95bd-eeee0a9c03bf.OPERATION#flowable-async-job-executor-thread-813#
[CheckServiceOperationStateStep] Executing task "CheckServiceOperationStateTask" of process "95ba5183-561a-11f1-8aa5-eeee0a9b708c"...#
#2026 05 22 20:12:40.710#Z#DEBUG#935167e9-561a-11f1-95bd-eeee0a9c03bf.OPERATION#flowable-async-job-executor-thread-813#
[CheckServiceOperationStateStep] Getting service instance "CAPM-html5repo-runtime"...#
#2026 05 22 20:12:40.842#Z#DEBUG#935167e9-561a-11f1-95bd-eeee0a9c03bf.OPERATION#flowable-async-job-executor-thread-813#
Step "Check for service operations in Progress" finished#
#2026 05 22 20:12:40.899#Z#DEBUG#935167e9-561a-11f1-95bd-eeee0a9c03bf.OPERATION#flowable-async-job-executor-thread-814#
[DetermineServiceCreateUpdateServiceActionsStep] Executing task "DetermineServiceCreateUpdateActionsTask" of process "95ba5183-561a-11f1-8aa5-eeee0a9b708c"...#
#2026 05 22 20:12:40.904#Z#INFO#935167e9-561a-11f1-95bd-eeee0a9c03bf.OPERATION#flowable-async-job-executor-thread-814#
[DetermineServiceCreateUpdateServiceActionsStep] Processing service "CAPM-html5repo-runtime"...#
#2026 05 22 20:12:40.914#Z#DEBUG#935167e9-561a-11f1-95bd-eeee0a9c03bf.OPERATION#flowable-async-job-executor-thread-814#
[DetermineServiceCreateUpdateServiceActionsStep] Getting service instance "CAPM-html5repo-runtime"...#
#2026 05 22 20:12:41.043#Z#DEBUG#935167e9-561a-11f1-95bd-eeee0a9c03bf.OPERATION#flowable-async-job-executor-thread-814#
[DetermineServiceCreateUpdateServiceActionsStep] Existing service: {
  "name" : "CAPM-html5repo-runtime",
  "metadata" : {
    "guid" : "912b0e17-fc68-4247-9d41-fd07add82a07",
    "createdAt" : [ 2026, 5, 21, 14, 43, 48 ],
    "updatedAt" : [ 2026, 5, 21, 14, 43, 49 ]
  },
  "v3Metadata" : {
    "annotations" : {
      "mta_id" : "CAPM",
      "mta_version" : "1.0.0",
      "mta_resource" : "{\"name\":\"CAPM-html5repo-runtime\"}"
    },
    "labels" : {
      "mta_id" : "32806d5c160b5a14d2f8d91bc25fe225"
    }
  },
  "label" : "html5-apps-repo",
  "plan" : "app-runtime",
  "credentials" : "********",
  "tags" : [ ],
  "type" : "managed",
  "lastOperation" : {
    "type" : "CREATE",
    "description" : "",
    "state" : "SUCCEEDED"
  }
}#
#2026 05 22 20:12:41.043#Z#WARN#935167e9-561a-11f1-95bd-eeee0a9c03bf.OPERATION#flowable-async-job-executor-thread-814#
[DetermineServiceCreateUpdateServiceActionsStep] Service parameters for service "CAPM-html5repo-runtime" will not be updated, as the parameters are not defined or empty.#
#2026 05 22 20:12:41.043#Z#DEBUG#935167e9-561a-11f1-95bd-eeee0a9c03bf.OPERATION#flowable-async-job-executor-thread-814#
Step "Determine update actions" finished#
#2026 05 22 20:12:41.134#Z#DEBUG#935167e9-561a-11f1-95bd-eeee0a9c03bf.OPERATION#flowable-async-job-executor-thread-815#
[CheckForServiceBindingOrKeyOperationStep] Executing task "CheckForServiceBindingOrKeyCreation" of process "95ba5183-561a-11f1-8aa5-eeee0a9b708c"...#
#2026 05 22 20:12:41.138#Z#DEBUG#935167e9-561a-11f1-95bd-eeee0a9c03bf.OPERATION#flowable-async-job-executor-thread-815#
Step "Check for service binding or key creation" finished#
#2026 05 22 20:12:52.728#Z#DEBUG#935167e9-561a-11f1-95bd-eeee0a9c03bf.OPERATION#flowable-async-job-executor-thread-1063#
[UpdateServiceParametersStep] Executing task "UpdateServiceParametersTask" of process "9553c76b-561a-11f1-95bd-eeee0a9c03bf"...#
#2026 05 22 20:12:52.731#Z#DEBUG#935167e9-561a-11f1-95bd-eeee0a9c03bf.OPERATION#flowable-async-job-executor-thread-1063#
[UpdateServiceParametersStep] Polling service operations...#
#2026 05 22 20:12:52.738#Z#DEBUG#935167e9-561a-11f1-95bd-eeee0a9c03bf.OPERATION#flowable-async-job-executor-thread-1063#
[UpdateServiceParametersStep] Getting service instance "CAPM-auth"...#
#2026 05 22 20:12:52.849#Z#DEBUG#935167e9-561a-11f1-95bd-eeee0a9c03bf.OPERATION#flowable-async-job-executor-thread-1063#
[UpdateServiceParametersStep] Last operation for service "CAPM-auth": {
  "type" : "UPDATE",
  "description" : "",
  "state" : "SUCCEEDED"
}#
#2026 05 22 20:12:52.849#Z#DEBUG#935167e9-561a-11f1-95bd-eeee0a9c03bf.OPERATION#flowable-async-job-executor-thread-1063#
[UpdateServiceParametersStep] Service "CAPM-auth" updated#
#2026 05 22 20:12:52.849#Z#INFO#935167e9-561a-11f1-95bd-eeee0a9c03bf.OPERATION#flowable-async-job-executor-thread-1063#
[UpdateServiceParametersStep] 1 of 1 done#
#2026 05 22 20:12:52.864#Z#DEBUG#935167e9-561a-11f1-95bd-eeee0a9c03bf.OPERATION#flowable-async-job-executor-thread-1063#
[UpdateServiceParametersStep] Remaining services to poll: [ ]#
#2026 05 22 20:12:52.867#Z#DEBUG#935167e9-561a-11f1-95bd-eeee0a9c03bf.OPERATION#flowable-async-job-executor-thread-1063#
Step "Update parameters" finished#
#2026 05 22 20:12:53.513#Z#DEBUG#935167e9-561a-11f1-95bd-eeee0a9c03bf.OPERATION#flowable-async-job-executor-thread-1066#
[PrepareModulesDeploymentStep] Executing task "prepareModulesDeploymentTask" of process "9d4d67ee-561a-11f1-90d4-eeee0a9381a6"...#
#2026 05 22 20:12:53.516#Z#DEBUG#935167e9-561a-11f1-95bd-eeee0a9c03bf.OPERATION#flowable-async-job-executor-thread-1066#
[PrepareModulesDeploymentStep] Preparing modules deployment...#
#2026 05 22 20:12:53.528#Z#DEBUG#935167e9-561a-11f1-95bd-eeee0a9c03bf.OPERATION#flowable-async-job-executor-thread-1066#
Step "Prepare Modules Deployment" finished#
#2026 05 22 20:12:53.611#Z#DEBUG#935167e9-561a-11f1-95bd-eeee0a9c03bf.OPERATION#flowable-async-job-executor-thread-1067#
[ComputeNextModulesStep] Executing task "computeNextModulesToDeployInParallel" of process "9d4d67ee-561a-11f1-90d4-eeee0a9381a6"...#
#2026 05 22 20:12:53.613#Z#DEBUG#935167e9-561a-11f1-95bd-eeee0a9c03bf.OPERATION#flowable-async-job-executor-thread-1067#
[ComputeNextModulesStep] Computing modules for next parallel iteration...#
#2026 05 22 20:12:53.621#Z#DEBUG#935167e9-561a-11f1-95bd-eeee0a9c03bf.OPERATION#flowable-async-job-executor-thread-1067#
[ComputeNextModulesStep] Completed modules detected: []#
#2026 05 22 20:12:53.621#Z#DEBUG#935167e9-561a-11f1-95bd-eeee0a9c03bf.OPERATION#flowable-async-job-executor-thread-1067#
[ComputeNextModulesStep] All modules for deploy detected: [CAPM, CAPM-html5-deployer, CAPM-srv]#
#2026 05 22 20:12:53.621#Z#DEBUG#935167e9-561a-11f1-95bd-eeee0a9c03bf.OPERATION#flowable-async-job-executor-thread-1067#
[ComputeNextModulesStep] Modules not for deploy detected: []#
#2026 05 22 20:12:53.622#Z#DEBUG#935167e9-561a-11f1-95bd-eeee0a9c03bf.OPERATION#flowable-async-job-executor-thread-1067#
[ComputeNextModulesStep] Computed modules for next parallel iteration: [ {
  "majorSchemaVersion" : 3,
  "name" : "CAPM-srv",
  "type" : "javascript.nodejs",
  "path" : "CAPM-srv",
  "properties" : { },
  "parameters" : {
    "app-name" : "CAPM-srv",
    "buildpack" : "nodejs_buildpack",
    "default-app-name" : "CAPM-srv",
    "default-host" : "development-development-capm-srv",
    "default-instances" : 1,
    "default-live-app-name" : "CAPM-srv",
    "default-live-domain" : "cfapps.sa30.hana.ondemand.com",
    "default-live-host" : "development-development-capm-srv",
    "default-live-uri" : "development-development-capm-srv.cfapps.sa30.hana.ondemand.com",
    "default-live-url" : "https://development-development-capm-srv.cfapps.sa30.hana.ondemand.com",
    "default-uri" : "development-development-capm-srv.cfapps.sa30.hana.ondemand.com",
    "default-url" : "https://development-development-capm-srv.cfapps.sa30.hana.ondemand.com",
    "dependency-type" : "soft",
    "domain" : "cfapps.sa30.hana.ondemand.com",
    "generated-password" : "********",
    "generated-user" : "********",
    "host" : "development-development-capm-srv",
    "instances" : 1,
    "protocol" : "https"
  },
  "requiredDependencies" : [ {
    "majorSchemaVersion" : 3,
    "name" : "********",
    "properties" : { },
    "parameters" : { },
    "propertiesMetadata" : {
      "metadata" : { }
    },
    "parametersMetadata" : {
      "metadata" : { }
    }
  } ],
  "providedDependencies" : [ {
    "majorSchemaVersion" : 3,
    "name" : "srv-api",
    "isPublic" : false,
    "properties" : {
      "srv-url" : "https://development-development-capm-srv.cfapps.sa30.hana.ondemand.com"
    },
    "parameters" : { },
    "propertiesMetadata" : {
      "metadata" : { }
    },
    "parametersMetadata" : {
      "metadata" : { }
    }
  }, {
    "majorSchemaVersion" : 3,
    "name" : "CAPM-srv",
    "isPublic" : false,
    "properties" : { },
    "parameters" : { },
    "propertiesMetadata" : {
      "metadata" : { }
    },
    "parametersMetadata" : {
      "metadata" : { }
    }
  } ],
  "propertiesMetadata" : {
    "metadata" : { }
  },
  "parametersMetadata" : {
    "metadata" : { }
  },
  "deployedAfter" : [ ],
  "hooks" : [ ]
}, {
  "majorSchemaVersion" : 3,
  "name" : "CAPM",
  "type" : "javascript.nodejs",
  "path" : "CAPM",
  "properties" : { },
  "parameters" : {
    "app-name" : "CAPM",
    "default-app-name" : "CAPM",
    "default-host" : "development-development-capm",
    "default-instances" : 1,
    "default-live-app-name" : "CAPM",
    "default-live-domain" : "cfapps.sa30.hana.ondemand.com",
    "default-live-host" : "development-development-capm",
    "default-live-uri" : "development-development-capm.cfapps.sa30.hana.ondemand.com",
    "default-live-url" : "https://development-development-capm.cfapps.sa30.hana.ondemand.com",
    "default-uri" : "development-development-capm.cfapps.sa30.hana.ondemand.com",
    "default-url" : "https://development-development-capm.cfapps.sa30.hana.ondemand.com",
    "dependency-type" : "soft",
    "disk-quota" : "256M",
    "domain" : "cfapps.sa30.hana.ondemand.com",
    "generated-password" : "********",
    "generated-user" : "********",
    "host" : "development-development-capm",
    "instances" : 1,
    "keep-existing-routes" : true,
    "memory" : "256M",
    "protocol" : "https"
  },
  "requiredDependencies" : [ {
    "majorSchemaVersion" : 3,
    "name" : "srv-api",
    "group" : "destinations",
    "properties" : {
      "forwardAuthToken" : "********",
      "name" : "srv-api",
      "url" : "https://development-development-capm-srv.cfapps.sa30.hana.ondemand.com"
    },
    "parameters" : { },
    "propertiesMetadata" : {
      "metadata" : { }
    },
    "parametersMetadata" : {
      "metadata" : { }
    }
  }, {
    "majorSchemaVersion" : 3,
    "name" : "********",
    "properties" : { },
    "parameters" : { },
    "propertiesMetadata" : {
      "metadata" : { }
    },
    "parametersMetadata" : {
      "metadata" : { }
    }
  }, {
    "majorSchemaVersion" : 3,
    "name" : "CAPM-html5repo-runtime",
    "properties" : { },
    "parameters" : { },
    "propertiesMetadata" : {
      "metadata" : { }
    },
    "parametersMetadata" : {
      "metadata" : { }
    }
  } ],
  "providedDependencies" : [ {
    "majorSchemaVersion" : 3,
    "name" : "app-api",
    "isPublic" : false,
    "properties" : {
      "app-protocol" : "https",
      "app-uri" : "development-development-capm.cfapps.sa30.hana.ondemand.com"
    },
    "parameters" : { },
    "propertiesMetadata" : {
      "metadata" : { }
    },
    "parametersMetadata" : {
      "metadata" : { }
    }
  }, {
    "majorSchemaVersion" : 3,
    "name" : "CAPM",
    "isPublic" : false,
    "properties" : { },
    "parameters" : { },
    "propertiesMetadata" : {
      "metadata" : { }
    },
    "parametersMetadata" : {
      "metadata" : { }
    }
  } ],
  "propertiesMetadata" : {
    "metadata" : { }
  },
  "parametersMetadata" : {
    "metadata" : { }
  },
  "deployedAfter" : [ ],
  "hooks" : [ ]
}, {
  "majorSchemaVersion" : 3,
  "name" : "CAPM-html5-deployer",
  "type" : "javascript.nodejs",
  "path" : "CAPM-html5-deployer",
  "properties" : { },
  "parameters" : {
    "app-name" : "CAPM-html5-deployer",
    "buildpack" : "nodejs_buildpack",
    "default-app-name" : "CAPM-html5-deployer",
    "default-host" : "development-development-capm-html5-deployer",
    "default-instances" : 1,
    "default-live-app-name" : "CAPM-html5-deployer",
    "default-live-domain" : "cfapps.sa30.hana.ondemand.com",
    "default-live-host" : "development-development-capm-html5-deployer",
    "default-live-uri" : "development-development-capm-html5-deployer.cfapps.sa30.hana.ondemand.com",
    "default-live-url" : "https://development-development-capm-html5-deployer.cfapps.sa30.hana.ondemand.com",
    "default-uri" : "development-development-capm-html5-deployer.cfapps.sa30.hana.ondemand.com",
    "default-url" : "https://development-development-capm-html5-deployer.cfapps.sa30.hana.ondemand.com",
    "dependency-type" : "soft",
    "disk-quota" : "512M",
    "domain" : "cfapps.sa30.hana.ondemand.com",
    "generated-password" : "********",
    "generated-user" : "********",
    "host" : "development-development-capm-html5-deployer",
    "instances" : 1,
    "memory" : "256M",
    "no-route" : true,
    "no-start" : true,
    "protocol" : "https",
    "tasks" : [ {
      "command" : "npm start",
      "disk-quota" : "512M",
      "memory" : "256M",
      "name" : "deploy-html5-content"
    } ]
  },
  "requiredDependencies" : [ {
    "majorSchemaVersion" : 3,
    "name" : "CAPM-html5repo",
    "properties" : { },
    "parameters" : { },
    "propertiesMetadata" : {
      "metadata" : { }
    },
    "parametersMetadata" : {
      "metadata" : { }
    }
  } ],
  "providedDependencies" : [ {
    "majorSchemaVersion" : 3,
    "name" : "CAPM-html5-deployer",
    "isPublic" : false,
    "properties" : { },
    "parameters" : { },
    "propertiesMetadata" : {
      "metadata" : { }
    },
    "parametersMetadata" : {
      "metadata" : { }
    }
  } ],
  "propertiesMetadata" : {
    "metadata" : { }
  },
  "parametersMetadata" : {
    "metadata" : { }
  },
  "deployedAfter" : [ ],
  "hooks" : [ ]
} ]#
#2026 05 22 20:12:53.622#Z#DEBUG#935167e9-561a-11f1-95bd-eeee0a9c03bf.OPERATION#flowable-async-job-executor-thread-1067#
Step "Compute Next Modules To Deploy" finished#
#2026 05 22 20:12:53.900#Z#DEBUG#935167e9-561a-11f1-95bd-eeee0a9c03bf.OPERATION#flowable-async-job-executor-thread-1067#
[ProcessDescriptorStep] Executing task "reprocessDescriptorTask" of process "9d91c3bc-561a-11f1-90d4-eeee0a9381a6"...#
#2026 05 22 20:12:53.902#Z#DEBUG#935167e9-561a-11f1-95bd-eeee0a9c03bf.OPERATION#flowable-async-job-executor-thread-1067#
[ProcessDescriptorStep] Resolving properties and parameters in merged descriptor...#
#2026 05 22 20:12:53.911#Z#DEBUG#935167e9-561a-11f1-95bd-eeee0a9c03bf.OPERATION#flowable-async-job-executor-thread-1067#
[ProcessDescriptorStep] Subscriptions: [ ]#
#2026 05 22 20:12:53.931#Z#DEBUG#935167e9-561a-11f1-95bd-eeee0a9c03bf.OPERATION#flowable-async-job-executor-thread-1067#
[ProcessDescriptorStep] MTA modules: [CAPM, CAPM-html5-deployer, CAPM-srv]#
#2026 05 22 20:12:53.940#Z#DEBUG#935167e9-561a-11f1-95bd-eeee0a9c03bf.OPERATION#flowable-async-job-executor-thread-1067#
[ProcessDescriptorStep] Resolved deployment descriptor: {
  "majorSchemaVersion" : 3,
  "schemaVersion" : "3.3.0",
  "id" : "CAPM",
  "version" : "1.0.0",
  "modules" : [ {
    "majorSchemaVersion" : 3,
    "name" : "CAPM-srv",
    "type" : "javascript.nodejs",
    "path" : "CAPM-srv",
    "properties" : { },
    "parameters" : {
      "default-url" : "https://development-development-capm-srv.cfapps.sa30.hana.ondemand.com",
      "default-app-name" : "CAPM-srv",
      "generated-password" : "********",
      "default-live-url" : "https://development-development-capm-srv.cfapps.sa30.hana.ondemand.com",
      "default-uri" : "development-development-capm-srv.cfapps.sa30.hana.ondemand.com",
      "default-instances" : 1,
      "default-live-host" : "development-development-capm-srv",
      "instances" : 1,
      "buildpack" : "nodejs_buildpack",
      "default-host" : "development-development-capm-srv",
      "app-name" : "CAPM-srv",
      "default-live-uri" : "development-development-capm-srv.cfapps.sa30.hana.ondemand.com",
      "protocol" : "https",
      "default-live-app-name" : "CAPM-srv",
      "default-live-domain" : "cfapps.sa30.hana.ondemand.com",
      "domain" : "cfapps.sa30.hana.ondemand.com",
      "host" : "development-development-capm-srv",
      "generated-user" : "********"
    },
    "requiredDependencies" : [ {
      "majorSchemaVersion" : 3,
      "name" : "********",
      "properties" : { },
      "parameters" : { },
      "propertiesMetadata" : {
        "metadata" : { }
      },
      "parametersMetadata" : {
        "metadata" : { }
      }
    } ],
    "providedDependencies" : [ {
      "majorSchemaVersion" : 3,
      "name" : "srv-api",
      "isPublic" : false,
      "properties" : {
        "srv-url" : "https://development-development-capm-srv.cfapps.sa30.hana.ondemand.com"
      },
      "parameters" : { },
      "propertiesMetadata" : {
        "metadata" : { }
      },
      "parametersMetadata" : {
        "metadata" : { }
      }
    }, {
      "majorSchemaVersion" : 3,
      "name" : "CAPM-srv",
      "isPublic" : false,
      "properties" : { },
      "parameters" : { },
      "propertiesMetadata" : {
        "metadata" : { }
      },
      "parametersMetadata" : {
        "metadata" : { }
      }
    } ],
    "propertiesMetadata" : {
      "metadata" : { }
    },
    "parametersMetadata" : {
      "metadata" : { }
    },
    "hooks" : [ ]
  }, {
    "majorSchemaVersion" : 3,
    "name" : "CAPM",
    "type" : "javascript.nodejs",
    "path" : "CAPM",
    "properties" : { },
    "parameters" : {
      "default-url" : "https://development-development-capm.cfapps.sa30.hana.ondemand.com",
      "default-app-name" : "CAPM",
      "generated-password" : "********",
      "default-live-url" : "https://development-development-capm.cfapps.sa30.hana.ondemand.com",
      "default-uri" : "development-development-capm.cfapps.sa30.hana.ondemand.com",
      "memory" : "256M",
      "default-instances" : 1,
      "default-live-host" : "development-development-capm",
      "instances" : 1,
      "default-host" : "development-development-capm",
      "keep-existing-routes" : true,
      "app-name" : "CAPM",
      "default-live-uri" : "development-development-capm.cfapps.sa30.hana.ondemand.com",
      "protocol" : "https",
      "default-live-app-name" : "CAPM",
      "default-live-domain" : "cfapps.sa30.hana.ondemand.com",
      "disk-quota" : "256M",
      "domain" : "cfapps.sa30.hana.ondemand.com",
      "host" : "development-development-capm",
      "generated-user" : "********"
    },
    "requiredDependencies" : [ {
      "majorSchemaVersion" : 3,
      "name" : "srv-api",
      "group" : "destinations",
      "properties" : {
        "name" : "srv-api",
        "forwardAuthToken" : "********",
        "url" : "https://development-development-capm-srv.cfapps.sa30.hana.ondemand.com"
      },
      "parameters" : { },
      "propertiesMetadata" : {
        "metadata" : { }
      },
      "parametersMetadata" : {
        "metadata" : { }
      }
    }, {
      "majorSchemaVersion" : 3,
      "name" : "********",
      "properties" : { },
      "parameters" : { },
      "propertiesMetadata" : {
        "metadata" : { }
      },
      "parametersMetadata" : {
        "metadata" : { }
      }
    }, {
      "majorSchemaVersion" : 3,
      "name" : "CAPM-html5repo-runtime",
      "properties" : { },
      "parameters" : { },
      "propertiesMetadata" : {
        "metadata" : { }
      },
      "parametersMetadata" : {
        "metadata" : { }
      }
    } ],
    "providedDependencies" : [ {
      "majorSchemaVersion" : 3,
      "name" : "app-api",
      "isPublic" : false,
      "properties" : {
        "app-protocol" : "https",
        "app-uri" : "development-development-capm.cfapps.sa30.hana.ondemand.com"
      },
      "parameters" : { },
      "propertiesMetadata" : {
        "metadata" : { }
      },
      "parametersMetadata" : {
        "metadata" : { }
      }
    }, {
      "majorSchemaVersion" : 3,
      "name" : "CAPM",
      "isPublic" : false,
      "properties" : { },
      "parameters" : { },
      "propertiesMetadata" : {
        "metadata" : { }
      },
      "parametersMetadata" : {
        "metadata" : { }
      }
    } ],
    "propertiesMetadata" : {
      "metadata" : { }
    },
    "parametersMetadata" : {
      "metadata" : { }
    },
    "hooks" : [ ]
  }, {
    "majorSchemaVersion" : 3,
    "name" : "CAPM-html5-deployer",
    "type" : "javascript.nodejs",
    "path" : "CAPM-html5-deployer",
    "properties" : { },
    "parameters" : {
      "default-url" : "https://development-development-capm-html5-deployer.cfapps.sa30.hana.ondemand.com",
      "default-app-name" : "CAPM-html5-deployer",
      "generated-password" : "********",
      "default-live-url" : "https://development-development-capm-html5-deployer.cfapps.sa30.hana.ondemand.com",
      "default-uri" : "development-development-capm-html5-deployer.cfapps.sa30.hana.ondemand.com",
      "memory" : "256M",
      "default-instances" : 1,
      "no-route" : true,
      "default-live-host" : "development-development-capm-html5-deployer",
      "instances" : 1,
      "buildpack" : "nodejs_buildpack",
      "default-host" : "development-development-capm-html5-deployer",
      "app-name" : "CAPM-html5-deployer",
      "default-live-uri" : "development-development-capm-html5-deployer.cfapps.sa30.hana.ondemand.com",
      "protocol" : "https",
      "default-live-app-name" : "CAPM-html5-deployer",
      "default-live-domain" : "cfapps.sa30.hana.ondemand.com",
      "disk-quota" : "512M",
      "domain" : "cfapps.sa30.hana.ondemand.com",
      "host" : "development-development-capm-html5-deployer",
      "generated-user" : "********",
      "tasks" : [ {
        "command" : "npm start",
        "disk-quota" : "512M",
        "memory" : "256M",
        "name" : "deploy-html5-content"
      } ],
      "no-start" : true
    },
    "requiredDependencies" : [ {
      "majorSchemaVersion" : 3,
      "name" : "CAPM-html5repo",
      "properties" : { },
      "parameters" : { },
      "propertiesMetadata" : {
        "metadata" : { }
      },
      "parametersMetadata" : {
        "metadata" : { }
      }
    } ],
    "providedDependencies" : [ {
      "majorSchemaVersion" : 3,
      "name" : "CAPM-html5-deployer",
      "isPublic" : false,
      "properties" : { },
      "parameters" : { },
      "propertiesMetadata" : {
        "metadata" : { }
      },
      "parametersMetadata" : {
        "metadata" : { }
      }
    } ],
    "propertiesMetadata" : {
      "metadata" : { }
    },
    "parametersMetadata" : {
      "metadata" : { }
    },
    "hooks" : [ ]
  } ],
  "resources" : [ {
    "majorSchemaVersion" : 3,
    "name" : "********",
    "type" : "org.cloudfoundry.managed-service",
    "properties" : { },
    "parameters" : {
      "generated-password" : "********",
      "path" : "./xs-security.json",
      "service-name" : "********",
      "service-plan" : "application",
      "service" : "xsuaa",
      "generated-user" : "********",
      "default-xsappname" : "********",
      "type" : "managed-service",
      "config" : {
        "oauth2-configuration" : "********",
        "tenant-mode" : "dedicated",
        "xsappname" : "CAPM-development-development"
      },
      "default-service-name" : "********",
      "default-container-name" : "********"
    },
    "isActive" : true,
    "isOptional" : false,
    "propertiesMetadata" : {
      "metadata" : { }
    },
    "parametersMetadata" : {
      "metadata" : { }
    },
    "requiredDependencies" : [ {
      "majorSchemaVersion" : 3,
      "name" : "app-api",
      "properties" : { },
      "parameters" : { },
      "propertiesMetadata" : {
        "metadata" : { }
      },
      "parametersMetadata" : {
        "metadata" : { }
      }
    } ],
    "processedAfter" : [ ]
  }, {
    "majorSchemaVersion" : 3,
    "name" : "CAPM-html5repo",
    "type" : "org.cloudfoundry.managed-service",
    "properties" : { },
    "parameters" : {
      "generated-password" : "********",
      "service-name" : "CAPM-html5repo",
      "service-plan" : "app-host",
      "service" : "html5-apps-repo",
      "generated-user" : "********",
      "default-xsappname" : "CAPM-html5repo",
      "type" : "managed-service",
      "default-service-name" : "CAPM-html5repo",
      "default-container-name" : "DEVELOPMENT_DEVELOPMENT_CAPM_HTML5REPO"
    },
    "isActive" : true,
    "isOptional" : false,
    "propertiesMetadata" : {
      "metadata" : { }
    },
    "parametersMetadata" : {
      "metadata" : { }
    },
    "requiredDependencies" : [ ],
    "processedAfter" : [ ]
  }, {
    "majorSchemaVersion" : 3,
    "name" : "CAPM-html5repo-runtime",
    "type" : "org.cloudfoundry.managed-service",
    "properties" : { },
    "parameters" : {
      "generated-password" : "********",
      "service-name" : "CAPM-html5repo-runtime",
      "service-plan" : "app-runtime",
      "service" : "html5-apps-repo",
      "generated-user" : "********",
      "default-xsappname" : "CAPM-html5repo-runtime",
      "type" : "managed-service",
      "default-service-name" : "CAPM-html5repo-runtime",
      "default-container-name" : "DEVELOPMENT_DEVELOPMENT_CAPM_HTML5REPO_RUNTIME"
    },
    "isActive" : true,
    "isOptional" : false,
    "propertiesMetadata" : {
      "metadata" : { }
    },
    "parametersMetadata" : {
      "metadata" : { }
    },
    "requiredDependencies" : [ ],
    "processedAfter" : [ ]
  } ],
  "parameters" : {
    "mta-id" : "CAPM",
    "authorization-url" : "********",
    "org-guid" : "377e4df2-1d9a-4b69-bf75-41cb9421f62b",
    "org" : "development",
    "deploy-target" : "development development",
    "enable-parallel-deployments" : true,
    "region-primary-domain" : "sa30.hana.ondemand.com",
    "space" : "development",
    "region-domain" : "sa30.hana.ondemand.com",
    "xs-api-url" : "https://api.cf.sa30.hana.ondemand.com",
    "deploy-url" : "deploy-service.cfapps.sa30.hana.ondemand.com",
    "xs-type" : "CF",
    "default-domain" : "cfapps.sa30.hana.ondemand.com",
    "mta-version" : "1.0.0",
    "xs-auth-url" : "********",
    "space-guid" : "4fc54213-8be3-419b-80ae-a99f2c7b387b",
    "user" : "********",
    "controller-url" : "https://api.cf.sa30.hana.ondemand.com",
    "timestamp" : "20260522201236"
  },
  "parametersMetadata" : {
    "metadata" : { }
  }
}#
#2026 05 22 20:12:53.940#Z#DEBUG#935167e9-561a-11f1-95bd-eeee0a9c03bf.OPERATION#flowable-async-job-executor-thread-1067#
[ProcessDescriptorStep] Merged descriptor properties and parameters resolved#
#2026 05 22 20:12:53.940#Z#DEBUG#935167e9-561a-11f1-95bd-eeee0a9c03bf.OPERATION#flowable-async-job-executor-thread-1067#
Step "Re-Process Descriptor Step" finished#
#2026 05 22 20:12:54.016#Z#DEBUG#935167e9-561a-11f1-95bd-eeee0a9c03bf.OPERATION#flowable-async-job-executor-thread-1067#
[BuildApplicationDeployModelStep] Executing task "buildApplicationDeployModelTask" of process "9d91c3bc-561a-11f1-90d4-eeee0a9381a6"...#
#2026 05 22 20:12:54.024#Z#DEBUG#935167e9-561a-11f1-95bd-eeee0a9c03bf.OPERATION#flowable-async-job-executor-thread-1067#
[BuildApplicationDeployModelStep] Building cloud deployment model for application "CAPM-html5-deployer"...#
#2026 05 22 20:12:54.038#Z#DEBUG#935167e9-561a-11f1-95bd-eeee0a9c03bf.OPERATION#flowable-async-job-executor-thread-1067#
[BuildApplicationDeployModelStep] No health-check-type is specified. Setting default type: port#
#2026 05 22 20:12:54.041#Z#INFO#935167e9-561a-11f1-95bd-eeee0a9c03bf.OPERATION#flowable-async-job-executor-thread-1067#
[BuildApplicationDeployModelStep] Building configuration entries for org development, space development, spaceId 4fc54213-8be3-419b-80ae-a99f2c7b387b and namespace null!#
#2026 05 22 20:12:54.044#Z#DEBUG#935167e9-561a-11f1-95bd-eeee0a9c03bf.OPERATION#flowable-async-job-executor-thread-1067#
[BuildApplicationDeployModelStep] Configuration entries to publish: [ ]#
#2026 05 22 20:12:54.044#Z#DEBUG#935167e9-561a-11f1-95bd-eeee0a9c03bf.OPERATION#flowable-async-job-executor-thread-1067#
[BuildApplicationDeployModelStep] Cloud deployment model for application built#
#2026 05 22 20:12:54.044#Z#DEBUG#935167e9-561a-11f1-95bd-eeee0a9c03bf.OPERATION#flowable-async-job-executor-thread-1067#
Step "Build Application Deploy Model" finished#
#2026 05 22 20:12:54.134#Z#DEBUG#935167e9-561a-11f1-95bd-eeee0a9c03bf.OPERATION#flowable-async-job-executor-thread-1067#
[CreateOrUpdateAppStep] Executing task "createAppTask" of process "9d91c3bc-561a-11f1-90d4-eeee0a9381a6"...#
#2026 05 22 20:12:54.140#Z#DEBUG#935167e9-561a-11f1-95bd-eeee0a9c03bf.OPERATION#flowable-async-job-executor-thread-1067#
[CreateOrUpdateAppStep] Getting application "CAPM-html5-deployer"...#
#2026 05 22 20:12:54.180#Z#INFO#935167e9-561a-11f1-95bd-eeee0a9c03bf.OPERATION#flowable-async-job-executor-thread-1067#
[CreateOrUpdateAppStep] Updating application "CAPM-html5-deployer"...#
#2026 05 22 20:12:54.198#Z#DEBUG#935167e9-561a-11f1-95bd-eeee0a9c03bf.OPERATION#flowable-async-job-executor-thread-1067#
[CreateOrUpdateAppStep] Getting process for application "81750d85-e5e4-4404-a13f-d9559df00ea2"...#
#2026 05 22 20:12:54.245#Z#DEBUG#935167e9-561a-11f1-95bd-eeee0a9c03bf.OPERATION#flowable-async-job-executor-thread-1067#
[CreateOrUpdateAppStep] Getting routes for application "81750d85-e5e4-4404-a13f-d9559df00ea2"...#
#2026 05 22 20:12:54.284#Z#DEBUG#935167e9-561a-11f1-95bd-eeee0a9c03bf.OPERATION#flowable-async-job-executor-thread-1067#
[CreateOrUpdateAppStep] Getting features for application "81750d85-e5e4-4404-a13f-d9559df00ea2"#
#2026 05 22 20:12:54.316#Z#DEBUG#935167e9-561a-11f1-95bd-eeee0a9c03bf.OPERATION#flowable-async-job-executor-thread-1067#
[CreateOrUpdateAppStep] Updating staging of application "CAPM-html5-deployer" to: {
  "buildpacks" : [ "nodejs_buildpack" ],
  "healthCheckType" : "port",
  "appFeatures" : { }
}#
#2026 05 22 20:12:54.591#Z#DEBUG#935167e9-561a-11f1-95bd-eeee0a9c03bf.OPERATION#flowable-async-job-executor-thread-1067#
[CreateOrUpdateAppStep] Application "CAPM-html5-deployer" updated#
#2026 05 22 20:12:54.591#Z#DEBUG#935167e9-561a-11f1-95bd-eeee0a9c03bf.OPERATION#flowable-async-job-executor-thread-1067#
[CreateOrUpdateAppStep] Getting environment of application "81750d85-e5e4-4404-a13f-d9559df00ea2"...#
#2026 05 22 20:12:54.697#Z#DEBUG#935167e9-561a-11f1-95bd-eeee0a9c03bf.OPERATION#flowable-async-job-executor-thread-1067#
[CreateOrUpdateAppStep] Application "CAPM-html5-deployer" updated#
#2026 05 22 20:12:54.697#Z#DEBUG#935167e9-561a-11f1-95bd-eeee0a9c03bf.OPERATION#flowable-async-job-executor-thread-1067#
Step "Create App" finished#
#2026 05 22 20:12:54.879#Z#DEBUG#935167e9-561a-11f1-95bd-eeee0a9c03bf.OPERATION#flowable-async-job-executor-thread-1067#
[CheckServiceBindingOperationStep] Executing task "checkForServiceBindingOperationInProgress" of process "9e2c555f-561a-11f1-90d4-eeee0a9381a6"...#
#2026 05 22 20:12:54.879#Z#DEBUG#935167e9-561a-11f1-95bd-eeee0a9c03bf.OPERATION#flowable-async-job-executor-thread-1067#
[CheckServiceBindingOperationStep] Checking for service binding operation in progress between app "CAPM-html5-deployer" and service instance "CAPM-html5repo"#
#2026 05 22 20:12:54.882#Z#DEBUG#935167e9-561a-11f1-95bd-eeee0a9c03bf.OPERATION#flowable-async-job-executor-thread-1067#
[CheckServiceBindingOperationStep] Getting application guid "CAPM-html5-deployer"...#
#2026 05 22 20:12:54.922#Z#DEBUG#935167e9-561a-11f1-95bd-eeee0a9c03bf.OPERATION#flowable-async-job-executor-thread-1067#
[CheckServiceBindingOperationStep] Getting GUID of required service instance "CAPM-html5repo"...#
#2026 05 22 20:12:54.960#Z#DEBUG#935167e9-561a-11f1-95bd-eeee0a9c03bf.OPERATION#flowable-async-job-executor-thread-1067#
[CheckServiceBindingOperationStep] Getting binding of service instance "d3283f97-35fb-4df4-b986-4cf7eec95e0b" with application "81750d85-e5e4-4404-a13f-d9559df00ea2"...#
#2026 05 22 20:12:55.017#Z#DEBUG#935167e9-561a-11f1-95bd-eeee0a9c03bf.OPERATION#flowable-async-job-executor-thread-1067#
[CheckServiceBindingOperationStep] Service binding operation "f278fdd6-479e-4dfa-9758-e98528f4bb58" with type "create" is in state "succeeded"#
#2026 05 22 20:12:55.017#Z#DEBUG#935167e9-561a-11f1-95bd-eeee0a9c03bf.OPERATION#flowable-async-job-executor-thread-1067#
Step "Check For Service Binding Operation In Progress" finished#
#2026 05 22 20:12:55.181#Z#DEBUG#935167e9-561a-11f1-95bd-eeee0a9c03bf.OPERATION#flowable-async-job-executor-thread-1224#
[ProcessDescriptorStep] Executing task "reprocessDescriptorTask" of process "9e569a1f-561a-11f1-95bd-eeee0a9c03bf"...#
#2026 05 22 20:12:55.182#Z#DEBUG#935167e9-561a-11f1-95bd-eeee0a9c03bf.OPERATION#flowable-async-job-executor-thread-1224#
[ProcessDescriptorStep] Resolving properties and parameters in merged descriptor...#
#2026 05 22 20:12:55.189#Z#DEBUG#935167e9-561a-11f1-95bd-eeee0a9c03bf.OPERATION#flowable-async-job-executor-thread-1224#
[ProcessDescriptorStep] Subscriptions: [ ]#
#2026 05 22 20:12:55.203#Z#DEBUG#935167e9-561a-11f1-95bd-eeee0a9c03bf.OPERATION#flowable-async-job-executor-thread-1224#
[ProcessDescriptorStep] MTA modules: [CAPM, CAPM-html5-deployer, CAPM-srv]#
#2026 05 22 20:12:55.209#Z#DEBUG#935167e9-561a-11f1-95bd-eeee0a9c03bf.OPERATION#flowable-async-job-executor-thread-1224#
[ProcessDescriptorStep] Resolved deployment descriptor: {
  "majorSchemaVersion" : 3,
  "schemaVersion" : "3.3.0",
  "id" : "CAPM",
  "version" : "1.0.0",
  "modules" : [ {
    "majorSchemaVersion" : 3,
    "name" : "CAPM-srv",
    "type" : "javascript.nodejs",
    "path" : "CAPM-srv",
    "properties" : { },
    "parameters" : {
      "default-url" : "https://development-development-capm-srv.cfapps.sa30.hana.ondemand.com",
      "default-app-name" : "CAPM-srv",
      "generated-password" : "********",
      "default-live-url" : "https://development-development-capm-srv.cfapps.sa30.hana.ondemand.com",
      "default-uri" : "development-development-capm-srv.cfapps.sa30.hana.ondemand.com",
      "default-instances" : 1,
      "default-live-host" : "development-development-capm-srv",
      "instances" : 1,
      "buildpack" : "nodejs_buildpack",
      "default-host" : "development-development-capm-srv",
      "app-name" : "CAPM-srv",
      "default-live-uri" : "development-development-capm-srv.cfapps.sa30.hana.ondemand.com",
      "protocol" : "https",
      "default-live-app-name" : "CAPM-srv",
      "default-live-domain" : "cfapps.sa30.hana.ondemand.com",
      "domain" : "cfapps.sa30.hana.ondemand.com",
      "host" : "development-development-capm-srv",
      "generated-user" : "********"
    },
    "requiredDependencies" : [ {
      "majorSchemaVersion" : 3,
      "name" : "********",
      "properties" : { },
      "parameters" : { },
      "propertiesMetadata" : {
        "metadata" : { }
      },
      "parametersMetadata" : {
        "metadata" : { }
      }
    } ],
    "providedDependencies" : [ {
      "majorSchemaVersion" : 3,
      "name" : "srv-api",
      "isPublic" : false,
      "properties" : {
        "srv-url" : "https://development-development-capm-srv.cfapps.sa30.hana.ondemand.com"
      },
      "parameters" : { },
      "propertiesMetadata" : {
        "metadata" : { }
      },
      "parametersMetadata" : {
        "metadata" : { }
      }
    }, {
      "majorSchemaVersion" : 3,
      "name" : "CAPM-srv",
      "isPublic" : false,
      "properties" : { },
      "parameters" : { },
      "propertiesMetadata" : {
        "metadata" : { }
      },
      "parametersMetadata" : {
        "metadata" : { }
      }
    } ],
    "propertiesMetadata" : {
      "metadata" : { }
    },
    "parametersMetadata" : {
      "metadata" : { }
    },
    "hooks" : [ ]
  }, {
    "majorSchemaVersion" : 3,
    "name" : "CAPM",
    "type" : "javascript.nodejs",
    "path" : "CAPM",
    "properties" : { },
    "parameters" : {
      "default-url" : "https://development-development-capm.cfapps.sa30.hana.ondemand.com",
      "default-app-name" : "CAPM",
      "generated-password" : "********",
      "default-live-url" : "https://development-development-capm.cfapps.sa30.hana.ondemand.com",
      "default-uri" : "development-development-capm.cfapps.sa30.hana.ondemand.com",
      "memory" : "256M",
      "default-instances" : 1,
      "default-live-host" : "development-development-capm",
      "instances" : 1,
      "default-host" : "development-development-capm",
      "keep-existing-routes" : true,
      "app-name" : "CAPM",
      "default-live-uri" : "development-development-capm.cfapps.sa30.hana.ondemand.com",
      "protocol" : "https",
      "default-live-app-name" : "CAPM",
      "default-live-domain" : "cfapps.sa30.hana.ondemand.com",
      "disk-quota" : "256M",
      "domain" : "cfapps.sa30.hana.ondemand.com",
      "host" : "development-development-capm",
      "generated-user" : "********"
    },
    "requiredDependencies" : [ {
      "majorSchemaVersion" : 3,
      "name" : "srv-api",
      "group" : "destinations",
      "properties" : {
        "name" : "srv-api",
        "forwardAuthToken" : "********",
        "url" : "https://development-development-capm-srv.cfapps.sa30.hana.ondemand.com"
      },
      "parameters" : { },
      "propertiesMetadata" : {
        "metadata" : { }
      },
      "parametersMetadata" : {
        "metadata" : { }
      }
    }, {
      "majorSchemaVersion" : 3,
      "name" : "********",
      "properties" : { },
      "parameters" : { },
      "propertiesMetadata" : {
        "metadata" : { }
      },
      "parametersMetadata" : {
        "metadata" : { }
      }
    }, {
      "majorSchemaVersion" : 3,
      "name" : "CAPM-html5repo-runtime",
      "properties" : { },
      "parameters" : { },
      "propertiesMetadata" : {
        "metadata" : { }
      },
      "parametersMetadata" : {
        "metadata" : { }
      }
    } ],
    "providedDependencies" : [ {
      "majorSchemaVersion" : 3,
      "name" : "app-api",
      "isPublic" : false,
      "properties" : {
        "app-protocol" : "https",
        "app-uri" : "development-development-capm.cfapps.sa30.hana.ondemand.com"
      },
      "parameters" : { },
      "propertiesMetadata" : {
        "metadata" : { }
      },
      "parametersMetadata" : {
        "metadata" : { }
      }
    }, {
      "majorSchemaVersion" : 3,
      "name" : "CAPM",
      "isPublic" : false,
      "properties" : { },
      "parameters" : { },
      "propertiesMetadata" : {
        "metadata" : { }
      },
      "parametersMetadata" : {
        "metadata" : { }
      }
    } ],
    "propertiesMetadata" : {
      "metadata" : { }
    },
    "parametersMetadata" : {
      "metadata" : { }
    },
    "hooks" : [ ]
  }, {
    "majorSchemaVersion" : 3,
    "name" : "CAPM-html5-deployer",
    "type" : "javascript.nodejs",
    "path" : "CAPM-html5-deployer",
    "properties" : { },
    "parameters" : {
      "default-url" : "https://development-development-capm-html5-deployer.cfapps.sa30.hana.ondemand.com",
      "default-app-name" : "CAPM-html5-deployer",
      "generated-password" : "********",
      "default-live-url" : "https://development-development-capm-html5-deployer.cfapps.sa30.hana.ondemand.com",
      "default-uri" : "development-development-capm-html5-deployer.cfapps.sa30.hana.ondemand.com",
      "memory" : "256M",
      "default-instances" : 1,
      "no-route" : true,
      "default-live-host" : "development-development-capm-html5-deployer",
      "instances" : 1,
      "buildpack" : "nodejs_buildpack",
      "default-host" : "development-development-capm-html5-deployer",
      "app-name" : "CAPM-html5-deployer",
      "default-live-uri" : "development-development-capm-html5-deployer.cfapps.sa30.hana.ondemand.com",
      "protocol" : "https",
      "default-live-app-name" : "CAPM-html5-deployer",
      "default-live-domain" : "cfapps.sa30.hana.ondemand.com",
      "disk-quota" : "512M",
      "domain" : "cfapps.sa30.hana.ondemand.com",
      "host" : "development-development-capm-html5-deployer",
      "generated-user" : "********",
      "tasks" : [ {
        "command" : "npm start",
        "disk-quota" : "512M",
        "memory" : "256M",
        "name" : "deploy-html5-content"
      } ],
      "no-start" : true
    },
    "requiredDependencies" : [ {
      "majorSchemaVersion" : 3,
      "name" : "CAPM-html5repo",
      "properties" : { },
      "parameters" : { },
      "propertiesMetadata" : {
        "metadata" : { }
      },
      "parametersMetadata" : {
        "metadata" : { }
      }
    } ],
    "providedDependencies" : [ {
      "majorSchemaVersion" : 3,
      "name" : "CAPM-html5-deployer",
      "isPublic" : false,
      "properties" : { },
      "parameters" : { },
      "propertiesMetadata" : {
        "metadata" : { }
      },
      "parametersMetadata" : {
        "metadata" : { }
      }
    } ],
    "propertiesMetadata" : {
      "metadata" : { }
    },
    "parametersMetadata" : {
      "metadata" : { }
    },
    "hooks" : [ ]
  } ],
  "resources" : [ {
    "majorSchemaVersion" : 3,
    "name" : "********",
    "type" : "org.cloudfoundry.managed-service",
    "properties" : { },
    "parameters" : {
      "generated-password" : "********",
      "path" : "./xs-security.json",
      "service-name" : "********",
      "service-plan" : "application",
      "service" : "xsuaa",
      "generated-user" : "********",
      "default-xsappname" : "********",
      "type" : "managed-service",
      "config" : {
        "oauth2-configuration" : "********",
        "tenant-mode" : "dedicated",
        "xsappname" : "CAPM-development-development"
      },
      "default-service-name" : "********",
      "default-container-name" : "********"
    },
    "isActive" : true,
    "isOptional" : false,
    "propertiesMetadata" : {
      "metadata" : { }
    },
    "parametersMetadata" : {
      "metadata" : { }
    },
    "requiredDependencies" : [ {
      "majorSchemaVersion" : 3,
      "name" : "app-api",
      "properties" : { },
      "parameters" : { },
      "propertiesMetadata" : {
        "metadata" : { }
      },
      "parametersMetadata" : {
        "metadata" : { }
      }
    } ],
    "processedAfter" : [ ]
  }, {
    "majorSchemaVersion" : 3,
    "name" : "CAPM-html5repo",
    "type" : "org.cloudfoundry.managed-service",
    "properties" : { },
    "parameters" : {
      "generated-password" : "********",
      "service-name" : "CAPM-html5repo",
      "service-plan" : "app-host",
      "service" : "html5-apps-repo",
      "generated-user" : "********",
      "default-xsappname" : "CAPM-html5repo",
      "type" : "managed-service",
      "default-service-name" : "CAPM-html5repo",
      "default-container-name" : "DEVELOPMENT_DEVELOPMENT_CAPM_HTML5REPO"
    },
    "isActive" : true,
    "isOptional" : false,
    "propertiesMetadata" : {
      "metadata" : { }
    },
    "parametersMetadata" : {
      "metadata" : { }
    },
    "requiredDependencies" : [ ],
    "processedAfter" : [ ]
  }, {
    "majorSchemaVersion" : 3,
    "name" : "CAPM-html5repo-runtime",
    "type" : "org.cloudfoundry.managed-service",
    "properties" : { },
    "parameters" : {
      "generated-password" : "********",
      "service-name" : "CAPM-html5repo-runtime",
      "service-plan" : "app-runtime",
      "service" : "html5-apps-repo",
      "generated-user" : "********",
      "default-xsappname" : "CAPM-html5repo-runtime",
      "type" : "managed-service",
      "default-service-name" : "CAPM-html5repo-runtime",
      "default-container-name" : "DEVELOPMENT_DEVELOPMENT_CAPM_HTML5REPO_RUNTIME"
    },
    "isActive" : true,
    "isOptional" : false,
    "propertiesMetadata" : {
      "metadata" : { }
    },
    "parametersMetadata" : {
      "metadata" : { }
    },
    "requiredDependencies" : [ ],
    "processedAfter" : [ ]
  } ],
  "parameters" : {
    "mta-id" : "CAPM",
    "authorization-url" : "********",
    "org-guid" : "377e4df2-1d9a-4b69-bf75-41cb9421f62b",
    "org" : "development",
    "deploy-target" : "development development",
    "enable-parallel-deployments" : true,
    "region-primary-domain" : "sa30.hana.ondemand.com",
    "space" : "development",
    "region-domain" : "sa30.hana.ondemand.com",
    "xs-api-url" : "https://api.cf.sa30.hana.ondemand.com",
    "deploy-url" : "deploy-service.cfapps.sa30.hana.ondemand.com",
    "xs-type" : "CF",
    "default-domain" : "cfapps.sa30.hana.ondemand.com",
    "mta-version" : "1.0.0",
    "xs-auth-url" : "********",
    "space-guid" : "4fc54213-8be3-419b-80ae-a99f2c7b387b",
    "user" : "********",
    "controller-url" : "https://api.cf.sa30.hana.ondemand.com",
    "timestamp" : "20260522201236"
  },
  "parametersMetadata" : {
    "metadata" : { }
  }
}#
#2026 05 22 20:12:55.209#Z#DEBUG#935167e9-561a-11f1-95bd-eeee0a9c03bf.OPERATION#flowable-async-job-executor-thread-1224#
[ProcessDescriptorStep] Merged descriptor properties and parameters resolved#
#2026 05 22 20:12:55.209#Z#DEBUG#935167e9-561a-11f1-95bd-eeee0a9c03bf.OPERATION#flowable-async-job-executor-thread-1224#
Step "Re-Process Descriptor Step" finished#
#2026 05 22 20:12:55.083#Z#DEBUG#935167e9-561a-11f1-95bd-eeee0a9c03bf.OPERATION#flowable-async-job-executor-thread-1067#
[DetermineApplicationServiceBindingActionsStep] Executing task "determineApplicationServiceBindingActionsTask" of process "9e2c555f-561a-11f1-90d4-eeee0a9381a6"...#
#2026 05 22 20:12:55.088#Z#DEBUG#935167e9-561a-11f1-95bd-eeee0a9c03bf.OPERATION#flowable-async-job-executor-thread-1067#
[DetermineApplicationServiceBindingActionsStep] Determine bind/unbind operations of application "CAPM-html5-deployer" to service instance "CAPM-html5repo"#
#2026 05 22 20:12:55.088#Z#DEBUG#935167e9-561a-11f1-95bd-eeee0a9c03bf.OPERATION#flowable-async-job-executor-thread-1067#
[DetermineApplicationServiceBindingActionsStep] Getting application "CAPM-html5-deployer"...#
#2026 05 22 20:12:55.134#Z#DEBUG#935167e9-561a-11f1-95bd-eeee0a9c03bf.OPERATION#flowable-async-job-executor-thread-1067#
[DetermineApplicationServiceBindingActionsStep] Binding parameters for application "CAPM-html5-deployer": { }#
#2026 05 22 20:12:55.182#Z#DEBUG#935167e9-561a-11f1-95bd-eeee0a9c03bf.OPERATION#flowable-async-job-executor-thread-1067#
[DetermineApplicationServiceBindingActionsStep] Check should rebind application "CAPM-html5-deployer" and service instance "CAPM-html5repo"#
#2026 05 22 20:12:55.182#Z#DEBUG#935167e9-561a-11f1-95bd-eeee0a9c03bf.OPERATION#flowable-async-job-executor-thread-1067#
[DetermineApplicationServiceBindingActionsStep] Getting GUID of required service instance "CAPM-html5repo"...#
#2026 05 22 20:12:55.215#Z#DEBUG#935167e9-561a-11f1-95bd-eeee0a9c03bf.OPERATION#flowable-async-job-executor-thread-1067#
[DetermineApplicationServiceBindingActionsStep] Getting binding of service instance "d3283f97-35fb-4df4-b986-4cf7eec95e0b" with application "81750d85-e5e4-4404-a13f-d9559df00ea2"...#
#2026 05 22 20:12:55.248#Z#DEBUG#935167e9-561a-11f1-95bd-eeee0a9c03bf.OPERATION#flowable-async-job-executor-thread-1067#
[DetermineApplicationServiceBindingActionsStep] Getting parameters of service binding "f278fdd6-479e-4dfa-9758-e98528f4bb58"...#
#2026 05 22 20:12:55.296#Z#WARN#935167e9-561a-11f1-95bd-eeee0a9c03bf.OPERATION#flowable-async-job-executor-thread-1067#
[DetermineApplicationServiceBindingActionsStep] Cannot retrieve parameters of binding between application "CAPM-html5-deployer" and service instance "CAPM-html5repo"#
#2026 05 22 20:12:55.299#Z#DEBUG#935167e9-561a-11f1-95bd-eeee0a9c03bf.OPERATION#flowable-async-job-executor-thread-1067#
[DetermineApplicationServiceBindingActionsStep] Calculated binding operations between application "CAPM-html5-deployer" and service instance "CAPM-html5repo": unbind - true bind - true#
#2026 05 22 20:12:55.299#Z#DEBUG#935167e9-561a-11f1-95bd-eeee0a9c03bf.OPERATION#flowable-async-job-executor-thread-1067#
Step "Determine Application Service Binding Actions" finished#
#2026 05 22 20:12:55.269#Z#DEBUG#935167e9-561a-11f1-95bd-eeee0a9c03bf.OPERATION#flowable-async-job-executor-thread-1225#
[BuildApplicationDeployModelStep] Executing task "buildApplicationDeployModelTask" of process "9e569a1f-561a-11f1-95bd-eeee0a9c03bf"...#
#2026 05 22 20:12:55.274#Z#DEBUG#935167e9-561a-11f1-95bd-eeee0a9c03bf.OPERATION#flowable-async-job-executor-thread-1225#
[BuildApplicationDeployModelStep] Building cloud deployment model for application "CAPM-srv"...#
#2026 05 22 20:12:55.368#Z#DEBUG#935167e9-561a-11f1-95bd-eeee0a9c03bf.OPERATION#flowable-async-job-executor-thread-1225#
[BuildApplicationDeployModelStep] No health-check-type is specified. Setting default type: port#
#2026 05 22 20:12:55.368#Z#INFO#935167e9-561a-11f1-95bd-eeee0a9c03bf.OPERATION#flowable-async-job-executor-thread-1225#
[BuildApplicationDeployModelStep] Building configuration entries for org development, space development, spaceId 4fc54213-8be3-419b-80ae-a99f2c7b387b and namespace null!#
#2026 05 22 20:12:55.370#Z#DEBUG#935167e9-561a-11f1-95bd-eeee0a9c03bf.OPERATION#flowable-async-job-executor-thread-1225#
[BuildApplicationDeployModelStep] Configuration entries to publish: [ ]#
#2026 05 22 20:12:55.370#Z#DEBUG#935167e9-561a-11f1-95bd-eeee0a9c03bf.OPERATION#flowable-async-job-executor-thread-1225#
[BuildApplicationDeployModelStep] Cloud deployment model for application built#
#2026 05 22 20:12:55.370#Z#DEBUG#935167e9-561a-11f1-95bd-eeee0a9c03bf.OPERATION#flowable-async-job-executor-thread-1225#
Step "Build Application Deploy Model" finished#
#2026 05 22 20:12:55.381#Z#DEBUG#935167e9-561a-11f1-95bd-eeee0a9c03bf.OPERATION#flowable-async-job-executor-thread-1067#
[UnbindServiceFromApplicationStep] Executing task "unbindServiceFromApplicationTask" of process "9e2c555f-561a-11f1-90d4-eeee0a9381a6"...#
#2026 05 22 20:12:55.389#Z#INFO#935167e9-561a-11f1-95bd-eeee0a9c03bf.OPERATION#flowable-async-job-executor-thread-1067#
[UnbindServiceFromApplicationStep] Unbinding service instance "CAPM-html5repo" from application "CAPM-html5-deployer"...#
#2026 05 22 20:12:55.403#Z#DEBUG#935167e9-561a-11f1-95bd-eeee0a9c03bf.OPERATION#flowable-async-job-executor-thread-1067#
[UnbindServiceFromApplicationStep] Unbinding application "CAPM-html5-deployer" from service instance "CAPM-html5repo"...#
#2026 05 22 20:12:55.597#Z#DEBUG#935167e9-561a-11f1-95bd-eeee0a9c03bf.OPERATION#flowable-async-job-executor-thread-1067#
Step "Unbind Service from Application" finished#
#2026 05 22 20:12:55.835#Z#DEBUG#935167e9-561a-11f1-95bd-eeee0a9c03bf.OPERATION#flowable-async-job-executor-thread-818#
[ProcessDescriptorStep] Executing task "reprocessDescriptorTask" of process "9ebada41-561a-11f1-8aa5-eeee0a9b708c"...#
#2026 05 22 20:12:55.837#Z#DEBUG#935167e9-561a-11f1-95bd-eeee0a9c03bf.OPERATION#flowable-async-job-executor-thread-818#
[ProcessDescriptorStep] Resolving properties and parameters in merged descriptor...#
#2026 05 22 20:12:55.845#Z#DEBUG#935167e9-561a-11f1-95bd-eeee0a9c03bf.OPERATION#flowable-async-job-executor-thread-818#
[ProcessDescriptorStep] Subscriptions: [ ]#
#2026 05 22 20:12:55.861#Z#DEBUG#935167e9-561a-11f1-95bd-eeee0a9c03bf.OPERATION#flowable-async-job-executor-thread-818#
[ProcessDescriptorStep] MTA modules: [CAPM, CAPM-html5-deployer, CAPM-srv]#
#2026 05 22 20:12:55.869#Z#DEBUG#935167e9-561a-11f1-95bd-eeee0a9c03bf.OPERATION#flowable-async-job-executor-thread-818#
[ProcessDescriptorStep] Resolved deployment descriptor: {
  "majorSchemaVersion" : 3,
  "schemaVersion" : "3.3.0",
  "id" : "CAPM",
  "version" : "1.0.0",
  "modules" : [ {
    "majorSchemaVersion" : 3,
    "name" : "CAPM-srv",
    "type" : "javascript.nodejs",
    "path" : "CAPM-srv",
    "properties" : { },
    "parameters" : {
      "default-url" : "https://development-development-capm-srv.cfapps.sa30.hana.ondemand.com",
      "default-app-name" : "CAPM-srv",
      "generated-password" : "********",
      "default-live-url" : "https://development-development-capm-srv.cfapps.sa30.hana.ondemand.com",
      "default-uri" : "development-development-capm-srv.cfapps.sa30.hana.ondemand.com",
      "default-instances" : 1,
      "default-live-host" : "development-development-capm-srv",
      "instances" : 1,
      "buildpack" : "nodejs_buildpack",
      "default-host" : "development-development-capm-srv",
      "app-name" : "CAPM-srv",
      "default-live-uri" : "development-development-capm-srv.cfapps.sa30.hana.ondemand.com",
      "protocol" : "https",
      "default-live-app-name" : "CAPM-srv",
      "default-live-domain" : "cfapps.sa30.hana.ondemand.com",
      "domain" : "cfapps.sa30.hana.ondemand.com",
      "host" : "development-development-capm-srv",
      "generated-user" : "********"
    },
    "requiredDependencies" : [ {
      "majorSchemaVersion" : 3,
      "name" : "********",
      "properties" : { },
      "parameters" : { },
      "propertiesMetadata" : {
        "metadata" : { }
      },
      "parametersMetadata" : {
        "metadata" : { }
      }
    } ],
    "providedDependencies" : [ {
      "majorSchemaVersion" : 3,
      "name" : "srv-api",
      "isPublic" : false,
      "properties" : {
        "srv-url" : "https://development-development-capm-srv.cfapps.sa30.hana.ondemand.com"
      },
      "parameters" : { },
      "propertiesMetadata" : {
        "metadata" : { }
      },
      "parametersMetadata" : {
        "metadata" : { }
      }
    }, {
      "majorSchemaVersion" : 3,
      "name" : "CAPM-srv",
      "isPublic" : false,
      "properties" : { },
      "parameters" : { },
      "propertiesMetadata" : {
        "metadata" : { }
      },
      "parametersMetadata" : {
        "metadata" : { }
      }
    } ],
    "propertiesMetadata" : {
      "metadata" : { }
    },
    "parametersMetadata" : {
      "metadata" : { }
    },
    "hooks" : [ ]
  }, {
    "majorSchemaVersion" : 3,
    "name" : "CAPM",
    "type" : "javascript.nodejs",
    "path" : "CAPM",
    "properties" : { },
    "parameters" : {
      "default-url" : "https://development-development-capm.cfapps.sa30.hana.ondemand.com",
      "default-app-name" : "CAPM",
      "generated-password" : "********",
      "default-live-url" : "https://development-development-capm.cfapps.sa30.hana.ondemand.com",
      "default-uri" : "development-development-capm.cfapps.sa30.hana.ondemand.com",
      "memory" : "256M",
      "default-instances" : 1,
      "default-live-host" : "development-development-capm",
      "instances" : 1,
      "default-host" : "development-development-capm",
      "keep-existing-routes" : true,
      "app-name" : "CAPM",
      "default-live-uri" : "development-development-capm.cfapps.sa30.hana.ondemand.com",
      "protocol" : "https",
      "default-live-app-name" : "CAPM",
      "default-live-domain" : "cfapps.sa30.hana.ondemand.com",
      "disk-quota" : "256M",
      "domain" : "cfapps.sa30.hana.ondemand.com",
      "host" : "development-development-capm",
      "generated-user" : "********"
    },
    "requiredDependencies" : [ {
      "majorSchemaVersion" : 3,
      "name" : "srv-api",
      "group" : "destinations",
      "properties" : {
        "name" : "srv-api",
        "forwardAuthToken" : "********",
        "url" : "https://development-development-capm-srv.cfapps.sa30.hana.ondemand.com"
      },
      "parameters" : { },
      "propertiesMetadata" : {
        "metadata" : { }
      },
      "parametersMetadata" : {
        "metadata" : { }
      }
    }, {
      "majorSchemaVersion" : 3,
      "name" : "********",
      "properties" : { },
      "parameters" : { },
      "propertiesMetadata" : {
        "metadata" : { }
      },
      "parametersMetadata" : {
        "metadata" : { }
      }
    }, {
      "majorSchemaVersion" : 3,
      "name" : "CAPM-html5repo-runtime",
      "properties" : { },
      "parameters" : { },
      "propertiesMetadata" : {
        "metadata" : { }
      },
      "parametersMetadata" : {
        "metadata" : { }
      }
    } ],
    "providedDependencies" : [ {
      "majorSchemaVersion" : 3,
      "name" : "app-api",
      "isPublic" : false,
      "properties" : {
        "app-protocol" : "https",
        "app-uri" : "development-development-capm.cfapps.sa30.hana.ondemand.com"
      },
      "parameters" : { },
      "propertiesMetadata" : {
        "metadata" : { }
      },
      "parametersMetadata" : {
        "metadata" : { }
      }
    }, {
      "majorSchemaVersion" : 3,
      "name" : "CAPM",
      "isPublic" : false,
      "properties" : { },
      "parameters" : { },
      "propertiesMetadata" : {
        "metadata" : { }
      },
      "parametersMetadata" : {
        "metadata" : { }
      }
    } ],
    "propertiesMetadata" : {
      "metadata" : { }
    },
    "parametersMetadata" : {
      "metadata" : { }
    },
    "hooks" : [ ]
  }, {
    "majorSchemaVersion" : 3,
    "name" : "CAPM-html5-deployer",
    "type" : "javascript.nodejs",
    "path" : "CAPM-html5-deployer",
    "properties" : { },
    "parameters" : {
      "default-url" : "https://development-development-capm-html5-deployer.cfapps.sa30.hana.ondemand.com",
      "default-app-name" : "CAPM-html5-deployer",
      "generated-password" : "********",
      "default-live-url" : "https://development-development-capm-html5-deployer.cfapps.sa30.hana.ondemand.com",
      "default-uri" : "development-development-capm-html5-deployer.cfapps.sa30.hana.ondemand.com",
      "memory" : "256M",
      "default-instances" : 1,
      "no-route" : true,
      "default-live-host" : "development-development-capm-html5-deployer",
      "instances" : 1,
      "buildpack" : "nodejs_buildpack",
      "default-host" : "development-development-capm-html5-deployer",
      "app-name" : "CAPM-html5-deployer",
      "default-live-uri" : "development-development-capm-html5-deployer.cfapps.sa30.hana.ondemand.com",
      "protocol" : "https",
      "default-live-app-name" : "CAPM-html5-deployer",
      "default-live-domain" : "cfapps.sa30.hana.ondemand.com",
      "disk-quota" : "512M",
      "domain" : "cfapps.sa30.hana.ondemand.com",
      "host" : "development-development-capm-html5-deployer",
      "generated-user" : "********",
      "tasks" : [ {
        "command" : "npm start",
        "disk-quota" : "512M",
        "memory" : "256M",
        "name" : "deploy-html5-content"
      } ],
      "no-start" : true
    },
    "requiredDependencies" : [ {
      "majorSchemaVersion" : 3,
      "name" : "CAPM-html5repo",
      "properties" : { },
      "parameters" : { },
      "propertiesMetadata" : {
        "metadata" : { }
      },
      "parametersMetadata" : {
        "metadata" : { }
      }
    } ],
    "providedDependencies" : [ {
      "majorSchemaVersion" : 3,
      "name" : "CAPM-html5-deployer",
      "isPublic" : false,
      "properties" : { },
      "parameters" : { },
      "propertiesMetadata" : {
        "metadata" : { }
      },
      "parametersMetadata" : {
        "metadata" : { }
      }
    } ],
    "propertiesMetadata" : {
      "metadata" : { }
    },
    "parametersMetadata" : {
      "metadata" : { }
    },
    "hooks" : [ ]
  } ],
  "resources" : [ {
    "majorSchemaVersion" : 3,
    "name" : "********",
    "type" : "org.cloudfoundry.managed-service",
    "properties" : { },
    "parameters" : {
      "generated-password" : "********",
      "path" : "./xs-security.json",
      "service-name" : "********",
      "service-plan" : "application",
      "service" : "xsuaa",
      "generated-user" : "********",
      "default-xsappname" : "********",
      "type" : "managed-service",
      "config" : {
        "oauth2-configuration" : "********",
        "tenant-mode" : "dedicated",
        "xsappname" : "CAPM-development-development"
      },
      "default-service-name" : "********",
      "default-container-name" : "********"
    },
    "isActive" : true,
    "isOptional" : false,
    "propertiesMetadata" : {
      "metadata" : { }
    },
    "parametersMetadata" : {
      "metadata" : { }
    },
    "requiredDependencies" : [ {
      "majorSchemaVersion" : 3,
      "name" : "app-api",
      "properties" : { },
      "parameters" : { },
      "propertiesMetadata" : {
        "metadata" : { }
      },
      "parametersMetadata" : {
        "metadata" : { }
      }
    } ],
    "processedAfter" : [ ]
  }, {
    "majorSchemaVersion" : 3,
    "name" : "CAPM-html5repo",
    "type" : "org.cloudfoundry.managed-service",
    "properties" : { },
    "parameters" : {
      "generated-password" : "********",
      "service-name" : "CAPM-html5repo",
      "service-plan" : "app-host",
      "service" : "html5-apps-repo",
      "generated-user" : "********",
      "default-xsappname" : "CAPM-html5repo",
      "type" : "managed-service",
      "default-service-name" : "CAPM-html5repo",
      "default-container-name" : "DEVELOPMENT_DEVELOPMENT_CAPM_HTML5REPO"
    },
    "isActive" : true,
    "isOptional" : false,
    "propertiesMetadata" : {
      "metadata" : { }
    },
    "parametersMetadata" : {
      "metadata" : { }
    },
    "requiredDependencies" : [ ],
    "processedAfter" : [ ]
  }, {
    "majorSchemaVersion" : 3,
    "name" : "CAPM-html5repo-runtime",
    "type" : "org.cloudfoundry.managed-service",
    "properties" : { },
    "parameters" : {
      "generated-password" : "********",
      "service-name" : "CAPM-html5repo-runtime",
      "service-plan" : "app-runtime",
      "service" : "html5-apps-repo",
      "generated-user" : "********",
      "default-xsappname" : "CAPM-html5repo-runtime",
      "type" : "managed-service",
      "default-service-name" : "CAPM-html5repo-runtime",
      "default-container-name" : "DEVELOPMENT_DEVELOPMENT_CAPM_HTML5REPO_RUNTIME"
    },
    "isActive" : true,
    "isOptional" : false,
    "propertiesMetadata" : {
      "metadata" : { }
    },
    "parametersMetadata" : {
      "metadata" : { }
    },
    "requiredDependencies" : [ ],
    "processedAfter" : [ ]
  } ],
  "parameters" : {
    "mta-id" : "CAPM",
    "authorization-url" : "********",
    "org-guid" : "377e4df2-1d9a-4b69-bf75-41cb9421f62b",
    "org" : "development",
    "deploy-target" : "development development",
    "enable-parallel-deployments" : true,
    "region-primary-domain" : "sa30.hana.ondemand.com",
    "space" : "development",
    "region-domain" : "sa30.hana.ondemand.com",
    "xs-api-url" : "https://api.cf.sa30.hana.ondemand.com",
    "deploy-url" : "deploy-service.cfapps.sa30.hana.ondemand.com",
    "xs-type" : "CF",
    "default-domain" : "cfapps.sa30.hana.ondemand.com",
    "mta-version" : "1.0.0",
    "xs-auth-url" : "********",
    "space-guid" : "4fc54213-8be3-419b-80ae-a99f2c7b387b",
    "user" : "********",
    "controller-url" : "https://api.cf.sa30.hana.ondemand.com",
    "timestamp" : "20260522201236"
  },
  "parametersMetadata" : {
    "metadata" : { }
  }
}#
#2026 05 22 20:12:55.869#Z#DEBUG#935167e9-561a-11f1-95bd-eeee0a9c03bf.OPERATION#flowable-async-job-executor-thread-818#
[ProcessDescriptorStep] Merged descriptor properties and parameters resolved#
#2026 05 22 20:12:55.869#Z#DEBUG#935167e9-561a-11f1-95bd-eeee0a9c03bf.OPERATION#flowable-async-job-executor-thread-818#
Step "Re-Process Descriptor Step" finished#
#2026 05 22 20:12:55.937#Z#DEBUG#935167e9-561a-11f1-95bd-eeee0a9c03bf.OPERATION#flowable-async-job-executor-thread-819#
[BuildApplicationDeployModelStep] Executing task "buildApplicationDeployModelTask" of process "9ebada41-561a-11f1-8aa5-eeee0a9b708c"...#
#2026 05 22 20:12:55.944#Z#DEBUG#935167e9-561a-11f1-95bd-eeee0a9c03bf.OPERATION#flowable-async-job-executor-thread-819#
[BuildApplicationDeployModelStep] Building cloud deployment model for application "CAPM"...#
#2026 05 22 20:12:55.953#Z#DEBUG#935167e9-561a-11f1-95bd-eeee0a9c03bf.OPERATION#flowable-async-job-executor-thread-819#
[BuildApplicationDeployModelStep] Getting routes for application "502d8485-3ee7-4ec4-bd63-d199cbdb6a2c"...#
#2026 05 22 20:12:56.001#Z#DEBUG#935167e9-561a-11f1-95bd-eeee0a9c03bf.OPERATION#flowable-async-job-executor-thread-819#
[BuildApplicationDeployModelStep] No health-check-type is specified. Setting default type: port#
#2026 05 22 20:12:56.002#Z#INFO#935167e9-561a-11f1-95bd-eeee0a9c03bf.OPERATION#flowable-async-job-executor-thread-819#
[BuildApplicationDeployModelStep] Building configuration entries for org development, space development, spaceId 4fc54213-8be3-419b-80ae-a99f2c7b387b and namespace null!#
#2026 05 22 20:12:56.005#Z#DEBUG#935167e9-561a-11f1-95bd-eeee0a9c03bf.OPERATION#flowable-async-job-executor-thread-819#
[BuildApplicationDeployModelStep] Configuration entries to publish: [ ]#
#2026 05 22 20:12:56.005#Z#DEBUG#935167e9-561a-11f1-95bd-eeee0a9c03bf.OPERATION#flowable-async-job-executor-thread-819#
[BuildApplicationDeployModelStep] Cloud deployment model for application built#
#2026 05 22 20:12:56.005#Z#DEBUG#935167e9-561a-11f1-95bd-eeee0a9c03bf.OPERATION#flowable-async-job-executor-thread-819#
Step "Build Application Deploy Model" finished#
#2026 05 22 20:12:55.436#Z#DEBUG#935167e9-561a-11f1-95bd-eeee0a9c03bf.OPERATION#flowable-async-job-executor-thread-1226#
[CreateOrUpdateAppStep] Executing task "createAppTask" of process "9e569a1f-561a-11f1-95bd-eeee0a9c03bf"...#
#2026 05 22 20:12:55.439#Z#DEBUG#935167e9-561a-11f1-95bd-eeee0a9c03bf.OPERATION#flowable-async-job-executor-thread-1226#
[CreateOrUpdateAppStep] Getting application "CAPM-srv"...#
#2026 05 22 20:12:55.493#Z#INFO#935167e9-561a-11f1-95bd-eeee0a9c03bf.OPERATION#flowable-async-job-executor-thread-1226#
[CreateOrUpdateAppStep] Updating application "CAPM-srv"...#
#2026 05 22 20:12:55.505#Z#DEBUG#935167e9-561a-11f1-95bd-eeee0a9c03bf.OPERATION#flowable-async-job-executor-thread-1226#
[CreateOrUpdateAppStep] Getting process for application "81f63cf1-668d-4ad9-8c63-ff2be45a837a"...#
#2026 05 22 20:12:55.576#Z#DEBUG#935167e9-561a-11f1-95bd-eeee0a9c03bf.OPERATION#flowable-async-job-executor-thread-1226#
[CreateOrUpdateAppStep] Getting routes for application "81f63cf1-668d-4ad9-8c63-ff2be45a837a"...#
#2026 05 22 20:12:55.629#Z#DEBUG#935167e9-561a-11f1-95bd-eeee0a9c03bf.OPERATION#flowable-async-job-executor-thread-1226#
[CreateOrUpdateAppStep] Getting features for application "81f63cf1-668d-4ad9-8c63-ff2be45a837a"#
#2026 05 22 20:12:55.655#Z#DEBUG#935167e9-561a-11f1-95bd-eeee0a9c03bf.OPERATION#flowable-async-job-executor-thread-1226#
[CreateOrUpdateAppStep] Updating staging of application "CAPM-srv" to: {
  "buildpacks" : [ "nodejs_buildpack" ],
  "healthCheckType" : "port",
  "appFeatures" : { }
}#
#2026 05 22 20:12:55.914#Z#DEBUG#935167e9-561a-11f1-95bd-eeee0a9c03bf.OPERATION#flowable-async-job-executor-thread-1226#
[CreateOrUpdateAppStep] Application "CAPM-srv" updated#
#2026 05 22 20:12:55.914#Z#DEBUG#935167e9-561a-11f1-95bd-eeee0a9c03bf.OPERATION#flowable-async-job-executor-thread-1226#
[CreateOrUpdateAppStep] Getting environment of application "81f63cf1-668d-4ad9-8c63-ff2be45a837a"...#
#2026 05 22 20:12:56.017#Z#DEBUG#935167e9-561a-11f1-95bd-eeee0a9c03bf.OPERATION#flowable-async-job-executor-thread-1226#
[CreateOrUpdateAppStep] Application "CAPM-srv" updated#
#2026 05 22 20:12:56.017#Z#DEBUG#935167e9-561a-11f1-95bd-eeee0a9c03bf.OPERATION#flowable-async-job-executor-thread-1226#
Step "Create App" finished#
#2026 05 22 20:12:56.165#Z#DEBUG#935167e9-561a-11f1-95bd-eeee0a9c03bf.OPERATION#flowable-async-job-executor-thread-1228#
[CheckServiceBindingOperationStep] Executing task "checkForServiceBindingOperationInProgress" of process "9ef2da72-561a-11f1-95bd-eeee0a9c03bf"...#
#2026 05 22 20:12:56.165#Z#DEBUG#935167e9-561a-11f1-95bd-eeee0a9c03bf.OPERATION#flowable-async-job-executor-thread-1228#
[CheckServiceBindingOperationStep] Checking for service binding operation in progress between app "CAPM-srv" and service instance "CAPM-auth"#
#2026 05 22 20:12:56.167#Z#DEBUG#935167e9-561a-11f1-95bd-eeee0a9c03bf.OPERATION#flowable-async-job-executor-thread-1228#
[CheckServiceBindingOperationStep] Getting application guid "CAPM-srv"...#
#2026 05 22 20:12:56.217#Z#DEBUG#935167e9-561a-11f1-95bd-eeee0a9c03bf.OPERATION#flowable-async-job-executor-thread-1228#
[CheckServiceBindingOperationStep] Getting GUID of required service instance "CAPM-auth"...#
#2026 05 22 20:12:56.266#Z#DEBUG#935167e9-561a-11f1-95bd-eeee0a9c03bf.OPERATION#flowable-async-job-executor-thread-1228#
[CheckServiceBindingOperationStep] Getting binding of service instance "3cf3a502-cc5d-480e-83e2-501d608fe3d8" with application "81f63cf1-668d-4ad9-8c63-ff2be45a837a"...#
#2026 05 22 20:12:56.311#Z#DEBUG#935167e9-561a-11f1-95bd-eeee0a9c03bf.OPERATION#flowable-async-job-executor-thread-1228#
[CheckServiceBindingOperationStep] Service binding operation "811bc68e-eba8-4dd5-baa2-f06e08e454d1" with type "create" is in state "succeeded"#
#2026 05 22 20:12:56.311#Z#DEBUG#935167e9-561a-11f1-95bd-eeee0a9c03bf.OPERATION#flowable-async-job-executor-thread-1228#
Step "Check For Service Binding Operation In Progress" finished#
#2026 05 22 20:12:56.364#Z#DEBUG#935167e9-561a-11f1-95bd-eeee0a9c03bf.OPERATION#flowable-async-job-executor-thread-1229#
[DetermineApplicationServiceBindingActionsStep] Executing task "determineApplicationServiceBindingActionsTask" of process "9ef2da72-561a-11f1-95bd-eeee0a9c03bf"...#
#2026 05 22 20:12:56.367#Z#DEBUG#935167e9-561a-11f1-95bd-eeee0a9c03bf.OPERATION#flowable-async-job-executor-thread-1229#
[DetermineApplicationServiceBindingActionsStep] Determine bind/unbind operations of application "CAPM-srv" to service instance "CAPM-auth"#
#2026 05 22 20:12:56.367#Z#DEBUG#935167e9-561a-11f1-95bd-eeee0a9c03bf.OPERATION#flowable-async-job-executor-thread-1229#
[DetermineApplicationServiceBindingActionsStep] Getting application "CAPM-srv"...#
#2026 05 22 20:12:56.415#Z#DEBUG#935167e9-561a-11f1-95bd-eeee0a9c03bf.OPERATION#flowable-async-job-executor-thread-1229#
[DetermineApplicationServiceBindingActionsStep] Binding parameters for application "CAPM-srv": { }#
#2026 05 22 20:12:56.455#Z#DEBUG#935167e9-561a-11f1-95bd-eeee0a9c03bf.OPERATION#flowable-async-job-executor-thread-1229#
[DetermineApplicationServiceBindingActionsStep] Check should rebind application "CAPM-srv" and service instance "CAPM-auth"#
#2026 05 22 20:12:56.455#Z#DEBUG#935167e9-561a-11f1-95bd-eeee0a9c03bf.OPERATION#flowable-async-job-executor-thread-1229#
[DetermineApplicationServiceBindingActionsStep] Getting GUID of required service instance "CAPM-auth"...#
#2026 05 22 20:12:56.503#Z#DEBUG#935167e9-561a-11f1-95bd-eeee0a9c03bf.OPERATION#flowable-async-job-executor-thread-1229#
[DetermineApplicationServiceBindingActionsStep] Getting binding of service instance "3cf3a502-cc5d-480e-83e2-501d608fe3d8" with application "81f63cf1-668d-4ad9-8c63-ff2be45a837a"...#
#2026 05 22 20:12:56.543#Z#DEBUG#935167e9-561a-11f1-95bd-eeee0a9c03bf.OPERATION#flowable-async-job-executor-thread-1229#
[DetermineApplicationServiceBindingActionsStep] Getting parameters of service binding "811bc68e-eba8-4dd5-baa2-f06e08e454d1"...#
#2026 05 22 20:12:56.594#Z#WARN#935167e9-561a-11f1-95bd-eeee0a9c03bf.OPERATION#flowable-async-job-executor-thread-1229#
[DetermineApplicationServiceBindingActionsStep] Cannot retrieve parameters of binding between application "CAPM-srv" and service instance "CAPM-auth"#
#2026 05 22 20:12:56.596#Z#DEBUG#935167e9-561a-11f1-95bd-eeee0a9c03bf.OPERATION#flowable-async-job-executor-thread-1229#
[DetermineApplicationServiceBindingActionsStep] Calculated binding operations between application "CAPM-srv" and service instance "CAPM-auth": unbind - true bind - true#
#2026 05 22 20:12:56.596#Z#DEBUG#935167e9-561a-11f1-95bd-eeee0a9c03bf.OPERATION#flowable-async-job-executor-thread-1229#
Step "Determine Application Service Binding Actions" finished#
#2026 05 22 20:12:56.092#Z#DEBUG#935167e9-561a-11f1-95bd-eeee0a9c03bf.OPERATION#flowable-async-job-executor-thread-820#
[CreateOrUpdateAppStep] Executing task "createAppTask" of process "9ebada41-561a-11f1-8aa5-eeee0a9b708c"...#
#2026 05 22 20:12:56.097#Z#DEBUG#935167e9-561a-11f1-95bd-eeee0a9c03bf.OPERATION#flowable-async-job-executor-thread-820#
[CreateOrUpdateAppStep] Getting application "CAPM"...#
#2026 05 22 20:12:56.136#Z#INFO#935167e9-561a-11f1-95bd-eeee0a9c03bf.OPERATION#flowable-async-job-executor-thread-820#
[CreateOrUpdateAppStep] Updating application "CAPM"...#
#2026 05 22 20:12:56.149#Z#DEBUG#935167e9-561a-11f1-95bd-eeee0a9c03bf.OPERATION#flowable-async-job-executor-thread-820#
[CreateOrUpdateAppStep] Getting process for application "502d8485-3ee7-4ec4-bd63-d199cbdb6a2c"...#
#2026 05 22 20:12:56.191#Z#DEBUG#935167e9-561a-11f1-95bd-eeee0a9c03bf.OPERATION#flowable-async-job-executor-thread-820#
[CreateOrUpdateAppStep] Getting routes for application "502d8485-3ee7-4ec4-bd63-d199cbdb6a2c"...#
#2026 05 22 20:12:56.266#Z#DEBUG#935167e9-561a-11f1-95bd-eeee0a9c03bf.OPERATION#flowable-async-job-executor-thread-820#
[CreateOrUpdateAppStep] Getting features for application "502d8485-3ee7-4ec4-bd63-d199cbdb6a2c"#
#2026 05 22 20:12:56.294#Z#DEBUG#935167e9-561a-11f1-95bd-eeee0a9c03bf.OPERATION#flowable-async-job-executor-thread-820#
[CreateOrUpdateAppStep] Updating staging of application "CAPM" to: {
  "buildpacks" : [ ],
  "healthCheckType" : "port",
  "appFeatures" : { }
}#
#2026 05 22 20:12:56.600#Z#DEBUG#935167e9-561a-11f1-95bd-eeee0a9c03bf.OPERATION#flowable-async-job-executor-thread-820#
[CreateOrUpdateAppStep] Application "CAPM" updated#
#2026 05 22 20:12:56.600#Z#DEBUG#935167e9-561a-11f1-95bd-eeee0a9c03bf.OPERATION#flowable-async-job-executor-thread-820#
[CreateOrUpdateAppStep] Getting environment of application "502d8485-3ee7-4ec4-bd63-d199cbdb6a2c"...#
#2026 05 22 20:12:56.706#Z#DEBUG#935167e9-561a-11f1-95bd-eeee0a9c03bf.OPERATION#flowable-async-job-executor-thread-820#
[CreateOrUpdateAppStep] Application "CAPM" updated#
#2026 05 22 20:12:56.706#Z#DEBUG#935167e9-561a-11f1-95bd-eeee0a9c03bf.OPERATION#flowable-async-job-executor-thread-820#
Step "Create App" finished#
#2026 05 22 20:12:56.676#Z#DEBUG#935167e9-561a-11f1-95bd-eeee0a9c03bf.OPERATION#flowable-async-job-executor-thread-1223#
[UnbindServiceFromApplicationStep] Executing task "unbindServiceFromApplicationTask" of process "9ef2da72-561a-11f1-95bd-eeee0a9c03bf"...#
#2026 05 22 20:12:56.685#Z#INFO#935167e9-561a-11f1-95bd-eeee0a9c03bf.OPERATION#flowable-async-job-executor-thread-1223#
[UnbindServiceFromApplicationStep] Unbinding service instance "CAPM-auth" from application "CAPM-srv"...#
#2026 05 22 20:12:56.693#Z#DEBUG#935167e9-561a-11f1-95bd-eeee0a9c03bf.OPERATION#flowable-async-job-executor-thread-1223#
[UnbindServiceFromApplicationStep] Unbinding application "CAPM-srv" from service instance "CAPM-auth"...#
#2026 05 22 20:12:56.891#Z#DEBUG#935167e9-561a-11f1-95bd-eeee0a9c03bf.OPERATION#flowable-async-job-executor-thread-1223#
Step "Unbind Service from Application" finished#
#2026 05 22 20:12:56.870#Z#DEBUG#935167e9-561a-11f1-95bd-eeee0a9c03bf.OPERATION#flowable-async-job-executor-thread-823#
[CheckServiceBindingOperationStep] Executing task "checkForServiceBindingOperationInProgress" of process "9f5daa49-561a-11f1-8aa5-eeee0a9b708c"...#
#2026 05 22 20:12:56.871#Z#DEBUG#935167e9-561a-11f1-95bd-eeee0a9c03bf.OPERATION#flowable-async-job-executor-thread-823#
[CheckServiceBindingOperationStep] Checking for service binding operation in progress between app "CAPM" and service instance "CAPM-auth"#
#2026 05 22 20:12:56.873#Z#DEBUG#935167e9-561a-11f1-95bd-eeee0a9c03bf.OPERATION#flowable-async-job-executor-thread-823#
[CheckServiceBindingOperationStep] Getting application guid "CAPM"...#
#2026 05 22 20:12:56.916#Z#DEBUG#935167e9-561a-11f1-95bd-eeee0a9c03bf.OPERATION#flowable-async-job-executor-thread-823#
[CheckServiceBindingOperationStep] Getting GUID of required service instance "CAPM-auth"...#
#2026 05 22 20:12:56.956#Z#DEBUG#935167e9-561a-11f1-95bd-eeee0a9c03bf.OPERATION#flowable-async-job-executor-thread-823#
[CheckServiceBindingOperationStep] Getting binding of service instance "3cf3a502-cc5d-480e-83e2-501d608fe3d8" with application "502d8485-3ee7-4ec4-bd63-d199cbdb6a2c"...#
#2026 05 22 20:12:57.012#Z#DEBUG#935167e9-561a-11f1-95bd-eeee0a9c03bf.OPERATION#flowable-async-job-executor-thread-823#
[CheckServiceBindingOperationStep] Service binding operation "623c50c0-5132-4a26-875a-4bf0aa83ec95" with type "create" is in state "succeeded"#
#2026 05 22 20:12:57.012#Z#DEBUG#935167e9-561a-11f1-95bd-eeee0a9c03bf.OPERATION#flowable-async-job-executor-thread-823#
Step "Check For Service Binding Operation In Progress" finished#
#2026 05 22 20:12:57.073#Z#DEBUG#935167e9-561a-11f1-95bd-eeee0a9c03bf.OPERATION#flowable-async-job-executor-thread-824#
[DetermineApplicationServiceBindingActionsStep] Executing task "determineApplicationServiceBindingActionsTask" of process "9f5daa49-561a-11f1-8aa5-eeee0a9b708c"...#
#2026 05 22 20:12:57.077#Z#DEBUG#935167e9-561a-11f1-95bd-eeee0a9c03bf.OPERATION#flowable-async-job-executor-thread-824#
[DetermineApplicationServiceBindingActionsStep] Determine bind/unbind operations of application "CAPM" to service instance "CAPM-auth"#
#2026 05 22 20:12:57.077#Z#DEBUG#935167e9-561a-11f1-95bd-eeee0a9c03bf.OPERATION#flowable-async-job-executor-thread-824#
[DetermineApplicationServiceBindingActionsStep] Getting application "CAPM"...#
#2026 05 22 20:12:57.119#Z#DEBUG#935167e9-561a-11f1-95bd-eeee0a9c03bf.OPERATION#flowable-async-job-executor-thread-824#
[DetermineApplicationServiceBindingActionsStep] Binding parameters for application "CAPM": { }#
#2026 05 22 20:12:57.161#Z#DEBUG#935167e9-561a-11f1-95bd-eeee0a9c03bf.OPERATION#flowable-async-job-executor-thread-824#
[DetermineApplicationServiceBindingActionsStep] Check should rebind application "CAPM" and service instance "CAPM-auth"#
#2026 05 22 20:12:57.161#Z#DEBUG#935167e9-561a-11f1-95bd-eeee0a9c03bf.OPERATION#flowable-async-job-executor-thread-824#
[DetermineApplicationServiceBindingActionsStep] Getting GUID of required service instance "CAPM-auth"...#
#2026 05 22 20:12:57.196#Z#DEBUG#935167e9-561a-11f1-95bd-eeee0a9c03bf.OPERATION#flowable-async-job-executor-thread-824#
[DetermineApplicationServiceBindingActionsStep] Getting binding of service instance "3cf3a502-cc5d-480e-83e2-501d608fe3d8" with application "502d8485-3ee7-4ec4-bd63-d199cbdb6a2c"...#
#2026 05 22 20:12:57.231#Z#DEBUG#935167e9-561a-11f1-95bd-eeee0a9c03bf.OPERATION#flowable-async-job-executor-thread-824#
[DetermineApplicationServiceBindingActionsStep] Getting parameters of service binding "623c50c0-5132-4a26-875a-4bf0aa83ec95"...#
#2026 05 22 20:12:57.279#Z#WARN#935167e9-561a-11f1-95bd-eeee0a9c03bf.OPERATION#flowable-async-job-executor-thread-824#
[DetermineApplicationServiceBindingActionsStep] Cannot retrieve parameters of binding between application "CAPM" and service instance "CAPM-auth"#
#2026 05 22 20:12:57.282#Z#DEBUG#935167e9-561a-11f1-95bd-eeee0a9c03bf.OPERATION#flowable-async-job-executor-thread-824#
[DetermineApplicationServiceBindingActionsStep] Calculated binding operations between application "CAPM" and service instance "CAPM-auth": unbind - true bind - true#
#2026 05 22 20:12:57.282#Z#DEBUG#935167e9-561a-11f1-95bd-eeee0a9c03bf.OPERATION#flowable-async-job-executor-thread-824#
Step "Determine Application Service Binding Actions" finished#
#2026 05 22 20:12:57.358#Z#DEBUG#935167e9-561a-11f1-95bd-eeee0a9c03bf.OPERATION#flowable-async-job-executor-thread-824#
[UnbindServiceFromApplicationStep] Executing task "unbindServiceFromApplicationTask" of process "9f5daa49-561a-11f1-8aa5-eeee0a9b708c"...#
#2026 05 22 20:12:57.365#Z#INFO#935167e9-561a-11f1-95bd-eeee0a9c03bf.OPERATION#flowable-async-job-executor-thread-824#
[UnbindServiceFromApplicationStep] Unbinding service instance "CAPM-auth" from application "CAPM"...#
#2026 05 22 20:12:57.374#Z#DEBUG#935167e9-561a-11f1-95bd-eeee0a9c03bf.OPERATION#flowable-async-job-executor-thread-824#
[UnbindServiceFromApplicationStep] Unbinding application "CAPM" from service instance "CAPM-auth"...#
#2026 05 22 20:12:57.586#Z#DEBUG#935167e9-561a-11f1-95bd-eeee0a9c03bf.OPERATION#flowable-async-job-executor-thread-824#
Step "Unbind Service from Application" finished#
#2026 05 22 20:12:58.098#Z#DEBUG#935167e9-561a-11f1-95bd-eeee0a9c03bf.OPERATION#flowable-async-job-executor-thread-1224#
[CheckServiceBindingOperationStep] Executing task "checkForServiceBindingOperationInProgress" of process "a018bc14-561a-11f1-95bd-eeee0a9c03bf"...#
#2026 05 22 20:12:58.099#Z#DEBUG#935167e9-561a-11f1-95bd-eeee0a9c03bf.OPERATION#flowable-async-job-executor-thread-1224#
[CheckServiceBindingOperationStep] Checking for service binding operation in progress between app "CAPM" and service instance "CAPM-html5repo-runtime"#
#2026 05 22 20:12:58.100#Z#DEBUG#935167e9-561a-11f1-95bd-eeee0a9c03bf.OPERATION#flowable-async-job-executor-thread-1224#
[CheckServiceBindingOperationStep] Getting application guid "CAPM"...#
#2026 05 22 20:12:58.138#Z#DEBUG#935167e9-561a-11f1-95bd-eeee0a9c03bf.OPERATION#flowable-async-job-executor-thread-1224#
[CheckServiceBindingOperationStep] Getting GUID of required service instance "CAPM-html5repo-runtime"...#
#2026 05 22 20:12:58.181#Z#DEBUG#935167e9-561a-11f1-95bd-eeee0a9c03bf.OPERATION#flowable-async-job-executor-thread-1224#
[CheckServiceBindingOperationStep] Getting binding of service instance "912b0e17-fc68-4247-9d41-fd07add82a07" with application "502d8485-3ee7-4ec4-bd63-d199cbdb6a2c"...#
#2026 05 22 20:12:58.230#Z#DEBUG#935167e9-561a-11f1-95bd-eeee0a9c03bf.OPERATION#flowable-async-job-executor-thread-1224#
[CheckServiceBindingOperationStep] Service binding operation "a697ef48-7863-46ad-99bf-4ed807e4ff47" with type "create" is in state "succeeded"#
#2026 05 22 20:12:58.230#Z#DEBUG#935167e9-561a-11f1-95bd-eeee0a9c03bf.OPERATION#flowable-async-job-executor-thread-1224#
Step "Check For Service Binding Operation In Progress" finished#
#2026 05 22 20:12:58.282#Z#DEBUG#935167e9-561a-11f1-95bd-eeee0a9c03bf.OPERATION#flowable-async-job-executor-thread-1224#
[DetermineApplicationServiceBindingActionsStep] Executing task "determineApplicationServiceBindingActionsTask" of process "a018bc14-561a-11f1-95bd-eeee0a9c03bf"...#
#2026 05 22 20:12:58.285#Z#DEBUG#935167e9-561a-11f1-95bd-eeee0a9c03bf.OPERATION#flowable-async-job-executor-thread-1224#
[DetermineApplicationServiceBindingActionsStep] Determine bind/unbind operations of application "CAPM" to service instance "CAPM-html5repo-runtime"#
#2026 05 22 20:12:58.285#Z#DEBUG#935167e9-561a-11f1-95bd-eeee0a9c03bf.OPERATION#flowable-async-job-executor-thread-1224#
[DetermineApplicationServiceBindingActionsStep] Getting application "CAPM"...#
#2026 05 22 20:12:58.325#Z#DEBUG#935167e9-561a-11f1-95bd-eeee0a9c03bf.OPERATION#flowable-async-job-executor-thread-1224#
[DetermineApplicationServiceBindingActionsStep] Binding parameters for application "CAPM": { }#
#2026 05 22 20:12:58.367#Z#DEBUG#935167e9-561a-11f1-95bd-eeee0a9c03bf.OPERATION#flowable-async-job-executor-thread-1224#
[DetermineApplicationServiceBindingActionsStep] Check should rebind application "CAPM" and service instance "CAPM-html5repo-runtime"#
#2026 05 22 20:12:58.367#Z#DEBUG#935167e9-561a-11f1-95bd-eeee0a9c03bf.OPERATION#flowable-async-job-executor-thread-1224#
[DetermineApplicationServiceBindingActionsStep] Getting GUID of required service instance "CAPM-html5repo-runtime"...#
#2026 05 22 20:12:58.413#Z#DEBUG#935167e9-561a-11f1-95bd-eeee0a9c03bf.OPERATION#flowable-async-job-executor-thread-1224#
[DetermineApplicationServiceBindingActionsStep] Getting binding of service instance "912b0e17-fc68-4247-9d41-fd07add82a07" with application "502d8485-3ee7-4ec4-bd63-d199cbdb6a2c"...#
#2026 05 22 20:12:58.454#Z#DEBUG#935167e9-561a-11f1-95bd-eeee0a9c03bf.OPERATION#flowable-async-job-executor-thread-1224#
[DetermineApplicationServiceBindingActionsStep] Getting parameters of service binding "a697ef48-7863-46ad-99bf-4ed807e4ff47"...#
#2026 05 22 20:12:58.498#Z#WARN#935167e9-561a-11f1-95bd-eeee0a9c03bf.OPERATION#flowable-async-job-executor-thread-1224#
[DetermineApplicationServiceBindingActionsStep] Cannot retrieve parameters of binding between application "CAPM" and service instance "CAPM-html5repo-runtime"#
#2026 05 22 20:12:58.500#Z#DEBUG#935167e9-561a-11f1-95bd-eeee0a9c03bf.OPERATION#flowable-async-job-executor-thread-1224#
[DetermineApplicationServiceBindingActionsStep] Calculated binding operations between application "CAPM" and service instance "CAPM-html5repo-runtime": unbind - true bind - true#
#2026 05 22 20:12:58.500#Z#DEBUG#935167e9-561a-11f1-95bd-eeee0a9c03bf.OPERATION#flowable-async-job-executor-thread-1224#
Step "Determine Application Service Binding Actions" finished#
#2026 05 22 20:12:58.562#Z#DEBUG#935167e9-561a-11f1-95bd-eeee0a9c03bf.OPERATION#flowable-async-job-executor-thread-1226#
[UnbindServiceFromApplicationStep] Executing task "unbindServiceFromApplicationTask" of process "a018bc14-561a-11f1-95bd-eeee0a9c03bf"...#
#2026 05 22 20:12:58.567#Z#INFO#935167e9-561a-11f1-95bd-eeee0a9c03bf.OPERATION#flowable-async-job-executor-thread-1226#
[UnbindServiceFromApplicationStep] Unbinding service instance "CAPM-html5repo-runtime" from application "CAPM"...#
#2026 05 22 20:12:58.577#Z#DEBUG#935167e9-561a-11f1-95bd-eeee0a9c03bf.OPERATION#flowable-async-job-executor-thread-1226#
[UnbindServiceFromApplicationStep] Unbinding application "CAPM" from service instance "CAPM-html5repo-runtime"...#
#2026 05 22 20:12:58.765#Z#DEBUG#935167e9-561a-11f1-95bd-eeee0a9c03bf.OPERATION#flowable-async-job-executor-thread-1226#
Step "Unbind Service from Application" finished#
#2026 05 22 20:13:02.680#Z#DEBUG#935167e9-561a-11f1-95bd-eeee0a9c03bf.OPERATION#flowable-async-job-executor-thread-1232#
[UnbindServiceFromApplicationStep] Executing task "unbindServiceFromApplicationTask" of process "9e2c555f-561a-11f1-90d4-eeee0a9381a6"...#
#2026 05 22 20:13:02.684#Z#DEBUG#935167e9-561a-11f1-95bd-eeee0a9c03bf.OPERATION#flowable-async-job-executor-thread-1232#
[UnbindServiceFromApplicationStep] Getting async job "8504da50-b0ef-431e-800d-4c221e6051c6"#
#2026 05 22 20:13:02.714#Z#DEBUG#935167e9-561a-11f1-95bd-eeee0a9c03bf.OPERATION#flowable-async-job-executor-thread-1233#
[UnbindServiceFromApplicationStep] Executing task "unbindServiceFromApplicationTask" of process "9ef2da72-561a-11f1-95bd-eeee0a9c03bf"...#
#2026 05 22 20:13:02.716#Z#DEBUG#935167e9-561a-11f1-95bd-eeee0a9c03bf.OPERATION#flowable-async-job-executor-thread-1232#
[UnbindServiceFromApplicationStep] Getting service instance "CAPM-html5repo"...#
#2026 05 22 20:13:02.719#Z#DEBUG#935167e9-561a-11f1-95bd-eeee0a9c03bf.OPERATION#flowable-async-job-executor-thread-1233#
[UnbindServiceFromApplicationStep] Getting async job "33dd21f2-8110-4a72-a591-40896cb45108"#
#2026 05 22 20:13:02.751#Z#DEBUG#935167e9-561a-11f1-95bd-eeee0a9c03bf.OPERATION#flowable-async-job-executor-thread-1233#
[UnbindServiceFromApplicationStep] Getting service instance "CAPM-auth"...#
#2026 05 22 20:13:02.849#Z#DEBUG#935167e9-561a-11f1-95bd-eeee0a9c03bf.OPERATION#flowable-async-job-executor-thread-1232#
[UnbindServiceFromApplicationStep] Async service binding operation with id "8504da50-b0ef-431e-800d-4c221e6051c6" finished#
#2026 05 22 20:13:02.851#Z#DEBUG#935167e9-561a-11f1-95bd-eeee0a9c03bf.OPERATION#flowable-async-job-executor-thread-1232#
Step "Unbind Service from Application" finished#
#2026 05 22 20:13:02.865#Z#DEBUG#935167e9-561a-11f1-95bd-eeee0a9c03bf.OPERATION#flowable-async-job-executor-thread-1233#
[UnbindServiceFromApplicationStep] Async service binding operation with id "33dd21f2-8110-4a72-a591-40896cb45108" finished#
#2026 05 22 20:13:02.867#Z#DEBUG#935167e9-561a-11f1-95bd-eeee0a9c03bf.OPERATION#flowable-async-job-executor-thread-1233#
Step "Unbind Service from Application" finished#
#2026 05 22 20:13:02.909#Z#DEBUG#935167e9-561a-11f1-95bd-eeee0a9c03bf.OPERATION#flowable-async-job-executor-thread-1234#
[BindServiceToApplicationStep] Executing task "bindServiceToApplicationTask" of process "9e2c555f-561a-11f1-90d4-eeee0a9381a6"...#
#2026 05 22 20:13:02.912#Z#INFO#935167e9-561a-11f1-95bd-eeee0a9c03bf.OPERATION#flowable-async-job-executor-thread-1234#
[BindServiceToApplicationStep] Binding service instance "CAPM-html5repo" to application "CAPM-html5-deployer"...#
#2026 05 22 20:13:02.928#Z#DEBUG#935167e9-561a-11f1-95bd-eeee0a9c03bf.OPERATION#flowable-async-job-executor-thread-1234#
[BindServiceToApplicationStep] Binding service instance "CAPM-html5repo" to application "CAPM-html5-deployer" with parameters: { }#
#2026 05 22 20:13:02.945#Z#DEBUG#935167e9-561a-11f1-95bd-eeee0a9c03bf.OPERATION#flowable-async-job-executor-thread-1222#
[BindServiceToApplicationStep] Executing task "bindServiceToApplicationTask" of process "9ef2da72-561a-11f1-95bd-eeee0a9c03bf"...#
#2026 05 22 20:13:02.950#Z#INFO#935167e9-561a-11f1-95bd-eeee0a9c03bf.OPERATION#flowable-async-job-executor-thread-1222#
[BindServiceToApplicationStep] Binding service instance "CAPM-auth" to application "CAPM-srv"...#
#2026 05 22 20:13:02.965#Z#DEBUG#935167e9-561a-11f1-95bd-eeee0a9c03bf.OPERATION#flowable-async-job-executor-thread-1222#
[BindServiceToApplicationStep] Binding service instance "CAPM-auth" to application "CAPM-srv" with parameters: { }#
#2026 05 22 20:13:03.115#Z#DEBUG#935167e9-561a-11f1-95bd-eeee0a9c03bf.OPERATION#flowable-async-job-executor-thread-1222#
Step "Bind Service to Application" finished#
#2026 05 22 20:13:03.125#Z#DEBUG#935167e9-561a-11f1-95bd-eeee0a9c03bf.OPERATION#flowable-async-job-executor-thread-1234#
Step "Bind Service to Application" finished#
#2026 05 22 20:13:12.714#Z#DEBUG#935167e9-561a-11f1-95bd-eeee0a9c03bf.OPERATION#flowable-async-job-executor-thread-1236#
[UnbindServiceFromApplicationStep] Executing task "unbindServiceFromApplicationTask" of process "9f5daa49-561a-11f1-8aa5-eeee0a9b708c"...#
#2026 05 22 20:13:12.717#Z#DEBUG#935167e9-561a-11f1-95bd-eeee0a9c03bf.OPERATION#flowable-async-job-executor-thread-1236#
[UnbindServiceFromApplicationStep] Getting async job "1882351d-d634-4972-8ce7-9a320b8308d2"#
#2026 05 22 20:13:12.751#Z#DEBUG#935167e9-561a-11f1-95bd-eeee0a9c03bf.OPERATION#flowable-async-job-executor-thread-1236#
[UnbindServiceFromApplicationStep] Getting service instance "CAPM-auth"...#
#2026 05 22 20:13:12.861#Z#DEBUG#935167e9-561a-11f1-95bd-eeee0a9c03bf.OPERATION#flowable-async-job-executor-thread-1236#
[UnbindServiceFromApplicationStep] Async service binding operation with id "1882351d-d634-4972-8ce7-9a320b8308d2" finished#
#2026 05 22 20:13:12.863#Z#DEBUG#935167e9-561a-11f1-95bd-eeee0a9c03bf.OPERATION#flowable-async-job-executor-thread-1236#
Step "Unbind Service from Application" finished#
#2026 05 22 20:13:12.746#Z#DEBUG#935167e9-561a-11f1-95bd-eeee0a9c03bf.OPERATION#flowable-async-job-executor-thread-829#
[BindServiceToApplicationStep] Executing task "bindServiceToApplicationTask" of process "9ef2da72-561a-11f1-95bd-eeee0a9c03bf"...#
#2026 05 22 20:13:12.751#Z#DEBUG#935167e9-561a-11f1-95bd-eeee0a9c03bf.OPERATION#flowable-async-job-executor-thread-829#
[BindServiceToApplicationStep] Getting async job "0c1654cc-a1a5-47e6-9e86-0a187c5dbe46"#
#2026 05 22 20:13:12.755#Z#DEBUG#935167e9-561a-11f1-95bd-eeee0a9c03bf.OPERATION#flowable-async-job-executor-thread-830#
[BindServiceToApplicationStep] Executing task "bindServiceToApplicationTask" of process "9e2c555f-561a-11f1-90d4-eeee0a9381a6"...#
#2026 05 22 20:13:12.759#Z#DEBUG#935167e9-561a-11f1-95bd-eeee0a9c03bf.OPERATION#flowable-async-job-executor-thread-830#
[BindServiceToApplicationStep] Getting async job "5e09eec3-200d-4b7f-8a66-ba864b6813b0"#
#2026 05 22 20:13:12.792#Z#DEBUG#935167e9-561a-11f1-95bd-eeee0a9c03bf.OPERATION#flowable-async-job-executor-thread-829#
[BindServiceToApplicationStep] Getting service instance "CAPM-auth"...#
#2026 05 22 20:13:12.808#Z#DEBUG#935167e9-561a-11f1-95bd-eeee0a9c03bf.OPERATION#flowable-async-job-executor-thread-830#
[BindServiceToApplicationStep] Getting service instance "CAPM-html5repo"...#
#2026 05 22 20:13:12.898#Z#DEBUG#935167e9-561a-11f1-95bd-eeee0a9c03bf.OPERATION#flowable-async-job-executor-thread-829#
[BindServiceToApplicationStep] Async service binding operation with id "0c1654cc-a1a5-47e6-9e86-0a187c5dbe46" finished#
#2026 05 22 20:13:12.900#Z#DEBUG#935167e9-561a-11f1-95bd-eeee0a9c03bf.OPERATION#flowable-async-job-executor-thread-829#
Step "Bind Service to Application" finished#
#2026 05 22 20:13:12.740#Z#DEBUG#935167e9-561a-11f1-95bd-eeee0a9c03bf.OPERATION#flowable-async-job-executor-thread-828#
[UnbindServiceFromApplicationStep] Executing task "unbindServiceFromApplicationTask" of process "a018bc14-561a-11f1-95bd-eeee0a9c03bf"...#
#2026 05 22 20:13:12.746#Z#DEBUG#935167e9-561a-11f1-95bd-eeee0a9c03bf.OPERATION#flowable-async-job-executor-thread-828#
[UnbindServiceFromApplicationStep] Getting async job "0fe2409b-8e76-4787-bef6-b0e4fa450fea"#
#2026 05 22 20:13:12.777#Z#DEBUG#935167e9-561a-11f1-95bd-eeee0a9c03bf.OPERATION#flowable-async-job-executor-thread-828#
[UnbindServiceFromApplicationStep] Getting service instance "CAPM-html5repo-runtime"...#
#2026 05 22 20:13:12.902#Z#DEBUG#935167e9-561a-11f1-95bd-eeee0a9c03bf.OPERATION#flowable-async-job-executor-thread-828#
[UnbindServiceFromApplicationStep] Async service binding operation with id "0fe2409b-8e76-4787-bef6-b0e4fa450fea" finished#
#2026 05 22 20:13:12.904#Z#DEBUG#935167e9-561a-11f1-95bd-eeee0a9c03bf.OPERATION#flowable-async-job-executor-thread-828#
Step "Unbind Service from Application" finished#
#2026 05 22 20:13:12.925#Z#DEBUG#935167e9-561a-11f1-95bd-eeee0a9c03bf.OPERATION#flowable-async-job-executor-thread-830#
[BindServiceToApplicationStep] Async service binding operation with id "5e09eec3-200d-4b7f-8a66-ba864b6813b0" finished#
#2026 05 22 20:13:12.927#Z#DEBUG#935167e9-561a-11f1-95bd-eeee0a9c03bf.OPERATION#flowable-async-job-executor-thread-830#
Step "Bind Service to Application" finished#
#2026 05 22 20:13:12.919#Z#DEBUG#935167e9-561a-11f1-95bd-eeee0a9c03bf.OPERATION#flowable-async-job-executor-thread-1237#
[BindServiceToApplicationStep] Executing task "bindServiceToApplicationTask" of process "9f5daa49-561a-11f1-8aa5-eeee0a9b708c"...#
#2026 05 22 20:13:12.922#Z#INFO#935167e9-561a-11f1-95bd-eeee0a9c03bf.OPERATION#flowable-async-job-executor-thread-1237#
[BindServiceToApplicationStep] Binding service instance "CAPM-auth" to application "CAPM"...#
#2026 05 22 20:13:12.937#Z#DEBUG#935167e9-561a-11f1-95bd-eeee0a9c03bf.OPERATION#flowable-async-job-executor-thread-1237#
[BindServiceToApplicationStep] Binding service instance "CAPM-auth" to application "CAPM" with parameters: { }#
#2026 05 22 20:13:13.109#Z#DEBUG#935167e9-561a-11f1-95bd-eeee0a9c03bf.OPERATION#flowable-async-job-executor-thread-1237#
Step "Bind Service to Application" finished#
#2026 05 22 20:13:12.985#Z#DEBUG#935167e9-561a-11f1-95bd-eeee0a9c03bf.OPERATION#flowable-async-job-executor-thread-831#
[BindServiceToApplicationStep] Executing task "bindServiceToApplicationTask" of process "a018bc14-561a-11f1-95bd-eeee0a9c03bf"...#
#2026 05 22 20:13:12.990#Z#INFO#935167e9-561a-11f1-95bd-eeee0a9c03bf.OPERATION#flowable-async-job-executor-thread-831#
[BindServiceToApplicationStep] Binding service instance "CAPM-html5repo-runtime" to application "CAPM"...#
#2026 05 22 20:13:13.004#Z#DEBUG#935167e9-561a-11f1-95bd-eeee0a9c03bf.OPERATION#flowable-async-job-executor-thread-831#
[BindServiceToApplicationStep] Binding service instance "CAPM-html5repo-runtime" to application "CAPM" with parameters: { }#
#2026 05 22 20:13:13.172#Z#DEBUG#935167e9-561a-11f1-95bd-eeee0a9c03bf.OPERATION#flowable-async-job-executor-thread-831#
Step "Bind Service to Application" finished#
#2026 05 22 20:13:13.177#Z#DEBUG#935167e9-561a-11f1-95bd-eeee0a9c03bf.OPERATION#flowable-async-job-executor-thread-832#
[DetermineVcapServicesPropertiesChangedStep] Executing task "determineVcapServicesPropertiesChangedTask" of process "a90ee4db-561a-11f1-8aa5-eeee0a9b708c"...#
#2026 05 22 20:13:13.182#Z#DEBUG#935167e9-561a-11f1-95bd-eeee0a9c03bf.OPERATION#flowable-async-job-executor-thread-832#
[DetermineVcapServicesPropertiesChangedStep] VCAP_SERVICES properties for application "CAPM-srv" changed: true#
#2026 05 22 20:13:13.182#Z#DEBUG#935167e9-561a-11f1-95bd-eeee0a9c03bf.OPERATION#flowable-async-job-executor-thread-832#
Step "Determine vcap services properties changed" finished#
#2026 05 22 20:13:13.189#Z#DEBUG#935167e9-561a-11f1-95bd-eeee0a9c03bf.OPERATION#flowable-async-job-executor-thread-830#
[DetermineVcapServicesPropertiesChangedStep] Executing task "determineVcapServicesPropertiesChangedTask" of process "a9112ecf-561a-11f1-8aa5-eeee0a9b708c"...#
#2026 05 22 20:13:13.194#Z#DEBUG#935167e9-561a-11f1-95bd-eeee0a9c03bf.OPERATION#flowable-async-job-executor-thread-830#
[DetermineVcapServicesPropertiesChangedStep] VCAP_SERVICES properties for application "CAPM-html5-deployer" changed: true#
#2026 05 22 20:13:13.194#Z#DEBUG#935167e9-561a-11f1-95bd-eeee0a9c03bf.OPERATION#flowable-async-job-executor-thread-830#
Step "Determine vcap services properties changed" finished#
#2026 05 22 20:13:13.252#Z#DEBUG#935167e9-561a-11f1-95bd-eeee0a9c03bf.OPERATION#flowable-async-job-executor-thread-832#
[UploadAppStep] Executing task "uploadAppTask" of process "a90ee4db-561a-11f1-8aa5-eeee0a9b708c"...#
#2026 05 22 20:13:13.257#Z#DEBUG#935167e9-561a-11f1-95bd-eeee0a9c03bf.OPERATION#flowable-async-job-executor-thread-830#
[UploadAppStep] Executing task "uploadAppTask" of process "a9112ecf-561a-11f1-8aa5-eeee0a9b708c"...#
#2026 05 22 20:13:13.257#Z#DEBUG#935167e9-561a-11f1-95bd-eeee0a9c03bf.OPERATION#flowable-async-job-executor-thread-832#
[UploadAppStep] Application upload timeout is default one: 3,600 seconds#
#2026 05 22 20:13:13.258#Z#INFO#935167e9-561a-11f1-95bd-eeee0a9c03bf.OPERATION#flowable-async-job-executor-thread-832#
[UploadAppStep] Uploading application "CAPM-srv"...#
#2026 05 22 20:13:13.261#Z#DEBUG#935167e9-561a-11f1-95bd-eeee0a9c03bf.OPERATION#flowable-async-job-executor-thread-830#
[UploadAppStep] Application upload timeout is default one: 3,600 seconds#
#2026 05 22 20:13:13.262#Z#INFO#935167e9-561a-11f1-95bd-eeee0a9c03bf.OPERATION#flowable-async-job-executor-thread-830#
[UploadAppStep] Uploading application "CAPM-html5-deployer"...#
#2026 05 22 20:13:13.269#Z#DEBUG#935167e9-561a-11f1-95bd-eeee0a9c03bf.OPERATION#flowable-async-job-executor-thread-832#
[UploadAppStep] Getting application "CAPM-srv"...#
#2026 05 22 20:13:13.274#Z#DEBUG#935167e9-561a-11f1-95bd-eeee0a9c03bf.OPERATION#flowable-async-job-executor-thread-830#
[UploadAppStep] Getting application "CAPM-html5-deployer"...#
#2026 05 22 20:13:13.322#Z#DEBUG#935167e9-561a-11f1-95bd-eeee0a9c03bf.OPERATION#flowable-async-job-executor-thread-832#
[UploadAppStep] Getting environment of application "81f63cf1-668d-4ad9-8c63-ff2be45a837a"...#
#2026 05 22 20:13:13.326#Z#DEBUG#935167e9-561a-11f1-95bd-eeee0a9c03bf.OPERATION#flowable-async-job-executor-thread-830#
[UploadAppStep] Getting environment of application "81750d85-e5e4-4404-a13f-d9559df00ea2"...#
#2026 05 22 20:13:13.368#Z#INFO#935167e9-561a-11f1-95bd-eeee0a9c03bf.OPERATION#flowable-async-job-executor-thread-830#
[UploadAppStep] Calculating application digest: "CAPM-html5-deployer"#
#2026 05 22 20:13:13.385#Z#INFO#935167e9-561a-11f1-95bd-eeee0a9c03bf.OPERATION#flowable-async-job-executor-thread-832#
[UploadAppStep] Calculating application digest: "CAPM-srv"#
#2026 05 22 20:13:13.504#Z#DEBUG#935167e9-561a-11f1-95bd-eeee0a9c03bf.OPERATION#flowable-async-job-executor-thread-832#
[UploadAppStep] Getting packages for application: "81f63cf1-668d-4ad9-8c63-ff2be45a837a"#
#2026 05 22 20:13:13.514#Z#DEBUG#935167e9-561a-11f1-95bd-eeee0a9c03bf.OPERATION#flowable-async-job-executor-thread-830#
[UploadAppStep] Getting packages for application: "81750d85-e5e4-4404-a13f-d9559df00ea2"#
#2026 05 22 20:13:13.560#Z#DEBUG#935167e9-561a-11f1-95bd-eeee0a9c03bf.OPERATION#flowable-async-job-executor-thread-830#
[UploadAppStep] Getting the current droplet for application: "81750d85-e5e4-4404-a13f-d9559df00ea2"#
#2026 05 22 20:13:13.562#Z#DEBUG#935167e9-561a-11f1-95bd-eeee0a9c03bf.OPERATION#flowable-async-job-executor-thread-832#
[UploadAppStep] Getting the current droplet for application: "81f63cf1-668d-4ad9-8c63-ff2be45a837a"#
#2026 05 22 20:13:13.596#Z#DEBUG#935167e9-561a-11f1-95bd-eeee0a9c03bf.OPERATION#flowable-async-job-executor-thread-832#
[UploadAppStep] Getting package by id: "a5515786-6ccb-4133-ab3f-0da8de2a86ba"#
#2026 05 22 20:13:13.597#Z#DEBUG#935167e9-561a-11f1-95bd-eeee0a9c03bf.OPERATION#flowable-async-job-executor-thread-830#
[UploadAppStep] Getting package by id: "62cdf9cb-64d8-4d29-827c-98f510ca59d5"#
#2026 05 22 20:13:13.628#Z#DEBUG#935167e9-561a-11f1-95bd-eeee0a9c03bf.OPERATION#flowable-async-job-executor-thread-830#
[UploadAppStep] Getting builds for application "81750d85-e5e4-4404-a13f-d9559df00ea2"...#
#2026 05 22 20:13:13.629#Z#DEBUG#935167e9-561a-11f1-95bd-eeee0a9c03bf.OPERATION#flowable-async-job-executor-thread-832#
[UploadAppStep] Getting builds for application "81f63cf1-668d-4ad9-8c63-ff2be45a837a"...#
#2026 05 22 20:13:13.712#Z#DEBUG#935167e9-561a-11f1-95bd-eeee0a9c03bf.OPERATION#flowable-async-job-executor-thread-830#
[UploadAppStep] Getting the current droplet for application: "81750d85-e5e4-4404-a13f-d9559df00ea2"#
#2026 05 22 20:13:13.721#Z#DEBUG#935167e9-561a-11f1-95bd-eeee0a9c03bf.OPERATION#flowable-async-job-executor-thread-832#
[UploadAppStep] Getting the current droplet for application: "81f63cf1-668d-4ad9-8c63-ff2be45a837a"#
#2026 05 22 20:13:13.766#Z#INFO#935167e9-561a-11f1-95bd-eeee0a9c03bf.OPERATION#flowable-async-job-executor-thread-830#
[UploadAppStep] Content of application "CAPM-html5-deployer" is not changed - upload will be skipped.#
#2026 05 22 20:13:13.775#Z#DEBUG#935167e9-561a-11f1-95bd-eeee0a9c03bf.OPERATION#flowable-async-job-executor-thread-830#
Step "Upload App" finished#
#2026 05 22 20:13:13.779#Z#INFO#935167e9-561a-11f1-95bd-eeee0a9c03bf.OPERATION#flowable-async-job-executor-thread-832#
[UploadAppStep] Content of application "CAPM-srv" is not changed - upload will be skipped.#
#2026 05 22 20:13:13.788#Z#DEBUG#935167e9-561a-11f1-95bd-eeee0a9c03bf.OPERATION#flowable-async-job-executor-thread-832#
Step "Upload App" finished#
#2026 05 22 20:13:13.844#Z#DEBUG#935167e9-561a-11f1-95bd-eeee0a9c03bf.OPERATION#flowable-async-job-executor-thread-830#
[ScaleAppStep] Executing task "scaleAppTask" of process "a9112ecf-561a-11f1-8aa5-eeee0a9b708c"...#
#2026 05 22 20:13:13.851#Z#DEBUG#935167e9-561a-11f1-95bd-eeee0a9c03bf.OPERATION#flowable-async-job-executor-thread-830#
[ScaleAppStep] Scaling application "CAPM-html5-deployer"...#
#2026 05 22 20:13:13.851#Z#DEBUG#935167e9-561a-11f1-95bd-eeee0a9c03bf.OPERATION#flowable-async-job-executor-thread-830#
[ScaleAppStep] Getting application guid "CAPM-html5-deployer"...#
#2026 05 22 20:13:13.860#Z#DEBUG#935167e9-561a-11f1-95bd-eeee0a9c03bf.OPERATION#flowable-async-job-executor-thread-832#
[ScaleAppStep] Executing task "scaleAppTask" of process "a90ee4db-561a-11f1-8aa5-eeee0a9b708c"...#
#2026 05 22 20:13:13.867#Z#DEBUG#935167e9-561a-11f1-95bd-eeee0a9c03bf.OPERATION#flowable-async-job-executor-thread-832#
[ScaleAppStep] Scaling application "CAPM-srv"...#
#2026 05 22 20:13:13.867#Z#DEBUG#935167e9-561a-11f1-95bd-eeee0a9c03bf.OPERATION#flowable-async-job-executor-thread-832#
[ScaleAppStep] Getting application guid "CAPM-srv"...#
#2026 05 22 20:13:13.897#Z#DEBUG#935167e9-561a-11f1-95bd-eeee0a9c03bf.OPERATION#flowable-async-job-executor-thread-830#
[ScaleAppStep] Getting process for application "81750d85-e5e4-4404-a13f-d9559df00ea2"...#
#2026 05 22 20:13:13.919#Z#DEBUG#935167e9-561a-11f1-95bd-eeee0a9c03bf.OPERATION#flowable-async-job-executor-thread-832#
[ScaleAppStep] Getting process for application "81f63cf1-668d-4ad9-8c63-ff2be45a837a"...#
#2026 05 22 20:13:13.940#Z#DEBUG#935167e9-561a-11f1-95bd-eeee0a9c03bf.OPERATION#flowable-async-job-executor-thread-830#
[ScaleAppStep] Application "CAPM-html5-deployer" scaled#
#2026 05 22 20:13:13.940#Z#DEBUG#935167e9-561a-11f1-95bd-eeee0a9c03bf.OPERATION#flowable-async-job-executor-thread-830#
Step "Scale App" finished#
#2026 05 22 20:13:13.966#Z#DEBUG#935167e9-561a-11f1-95bd-eeee0a9c03bf.OPERATION#flowable-async-job-executor-thread-832#
[ScaleAppStep] Application "CAPM-srv" scaled#
#2026 05 22 20:13:13.966#Z#DEBUG#935167e9-561a-11f1-95bd-eeee0a9c03bf.OPERATION#flowable-async-job-executor-thread-832#
Step "Scale App" finished#
#2026 05 22 20:13:13.998#Z#DEBUG#935167e9-561a-11f1-95bd-eeee0a9c03bf.OPERATION#flowable-async-job-executor-thread-830#
[DetermineDesiredStateAchievingActionsStep] Executing task "determineDesiredStateAchievingActionsTask" of process "a9112ecf-561a-11f1-8aa5-eeee0a9b708c"...#
#2026 05 22 20:13:14.003#Z#DEBUG#935167e9-561a-11f1-95bd-eeee0a9c03bf.OPERATION#flowable-async-job-executor-thread-830#
[DetermineDesiredStateAchievingActionsStep] Getting application "CAPM-html5-deployer"...#
#2026 05 22 20:13:14.023#Z#DEBUG#935167e9-561a-11f1-95bd-eeee0a9c03bf.OPERATION#flowable-async-job-executor-thread-832#
[DetermineDesiredStateAchievingActionsStep] Executing task "determineDesiredStateAchievingActionsTask" of process "a90ee4db-561a-11f1-8aa5-eeee0a9b708c"...#
#2026 05 22 20:13:14.027#Z#DEBUG#935167e9-561a-11f1-95bd-eeee0a9c03bf.OPERATION#flowable-async-job-executor-thread-832#
[DetermineDesiredStateAchievingActionsStep] Getting application "CAPM-srv"...#
#2026 05 22 20:13:14.073#Z#DEBUG#935167e9-561a-11f1-95bd-eeee0a9c03bf.OPERATION#flowable-async-job-executor-thread-830#
[DetermineDesiredStateAchievingActionsStep] Getting instances for application "CAPM-html5-deployer"...#
#2026 05 22 20:13:14.073#Z#DEBUG#935167e9-561a-11f1-95bd-eeee0a9c03bf.OPERATION#flowable-async-job-executor-thread-830#
[DetermineDesiredStateAchievingActionsStep] Getting environment of application "81750d85-e5e4-4404-a13f-d9559df00ea2"...#
#2026 05 22 20:13:14.100#Z#DEBUG#935167e9-561a-11f1-95bd-eeee0a9c03bf.OPERATION#flowable-async-job-executor-thread-832#
[DetermineDesiredStateAchievingActionsStep] Getting instances for application "CAPM-srv"...#
#2026 05 22 20:13:14.116#Z#DEBUG#935167e9-561a-11f1-95bd-eeee0a9c03bf.OPERATION#flowable-async-job-executor-thread-830#
[DetermineDesiredStateAchievingActionsStep] Current state of application CAPM-html5-deployer: STOPPED#
#2026 05 22 20:13:14.116#Z#DEBUG#935167e9-561a-11f1-95bd-eeee0a9c03bf.OPERATION#flowable-async-job-executor-thread-830#
[DetermineDesiredStateAchievingActionsStep] Desired state of application CAPM-html5-deployer: STOPPED#
#2026 05 22 20:13:14.116#Z#DEBUG#935167e9-561a-11f1-95bd-eeee0a9c03bf.OPERATION#flowable-async-job-executor-thread-830#
[DetermineDesiredStateAchievingActionsStep] Actions that should be executed on application CAPM-html5-deployer: [STAGE]#
#2026 05 22 20:13:14.116#Z#DEBUG#935167e9-561a-11f1-95bd-eeee0a9c03bf.OPERATION#flowable-async-job-executor-thread-830#
Step "Determine Desired State Achieving Actions" finished#
#2026 05 22 20:13:14.188#Z#DEBUG#935167e9-561a-11f1-95bd-eeee0a9c03bf.OPERATION#flowable-async-job-executor-thread-830#
[StageAppStep] Executing task "stageAppTask" of process "a9112ecf-561a-11f1-8aa5-eeee0a9b708c"...#
#2026 05 22 20:13:14.193#Z#DEBUG#935167e9-561a-11f1-95bd-eeee0a9c03bf.OPERATION#flowable-async-job-executor-thread-830#
[StageAppStep] Application stage timeout is default one: 3,600 seconds#
#2026 05 22 20:13:14.197#Z#DEBUG#935167e9-561a-11f1-95bd-eeee0a9c03bf.OPERATION#flowable-async-job-executor-thread-830#
Step "Stage App" finished#
#2026 05 22 20:13:14.175#Z#DEBUG#935167e9-561a-11f1-95bd-eeee0a9c03bf.OPERATION#flowable-async-job-executor-thread-832#
[DetermineDesiredStateAchievingActionsStep] Getting environment of application "81f63cf1-668d-4ad9-8c63-ff2be45a837a"...#
#2026 05 22 20:13:14.232#Z#DEBUG#935167e9-561a-11f1-95bd-eeee0a9c03bf.OPERATION#flowable-async-job-executor-thread-832#
[DetermineDesiredStateAchievingActionsStep] Current state of application CAPM-srv: STARTED#
#2026 05 22 20:13:14.232#Z#DEBUG#935167e9-561a-11f1-95bd-eeee0a9c03bf.OPERATION#flowable-async-job-executor-thread-832#
[DetermineDesiredStateAchievingActionsStep] Desired state of application CAPM-srv: STARTED#
#2026 05 22 20:13:14.232#Z#DEBUG#935167e9-561a-11f1-95bd-eeee0a9c03bf.OPERATION#flowable-async-job-executor-thread-832#
[DetermineDesiredStateAchievingActionsStep] Actions that should be executed on application CAPM-srv: [STOP, STAGE, START]#
#2026 05 22 20:13:14.232#Z#DEBUG#935167e9-561a-11f1-95bd-eeee0a9c03bf.OPERATION#flowable-async-job-executor-thread-832#
Step "Determine Desired State Achieving Actions" finished#
#2026 05 22 20:13:14.342#Z#DEBUG#935167e9-561a-11f1-95bd-eeee0a9c03bf.OPERATION#flowable-async-job-executor-thread-830#
[PrepareToExecuteTasksStep] Executing task "prepareToExecuteTasksTask" of process "a9c7fc21-561a-11f1-8aa5-eeee0a9b708c"...#
#2026 05 22 20:13:14.347#Z#DEBUG#935167e9-561a-11f1-95bd-eeee0a9c03bf.OPERATION#flowable-async-job-executor-thread-830#
Step "Prepare To Execute Tasks" finished#
#2026 05 22 20:13:14.303#Z#DEBUG#935167e9-561a-11f1-95bd-eeee0a9c03bf.OPERATION#flowable-async-job-executor-thread-832#
[StopAppStep] Executing task "stopAppTask" of process "a90ee4db-561a-11f1-8aa5-eeee0a9b708c"...#
#2026 05 22 20:13:14.310#Z#INFO#935167e9-561a-11f1-95bd-eeee0a9c03bf.OPERATION#flowable-async-job-executor-thread-832#
[StopAppStep] Stopping application "CAPM-srv"...#
#2026 05 22 20:13:14.323#Z#DEBUG#935167e9-561a-11f1-95bd-eeee0a9c03bf.OPERATION#flowable-async-job-executor-thread-832#
[StopAppStep] Stopping application "CAPM-srv"...#
#2026 05 22 20:13:14.478#Z#DEBUG#935167e9-561a-11f1-95bd-eeee0a9c03bf.OPERATION#flowable-async-job-executor-thread-832#
[StopAppStep] Application "CAPM-srv" stopped#
#2026 05 22 20:13:14.478#Z#DEBUG#935167e9-561a-11f1-95bd-eeee0a9c03bf.OPERATION#flowable-async-job-executor-thread-832#
[StopAppStep] Getting environment of application "81f63cf1-668d-4ad9-8c63-ff2be45a837a"...#
#2026 05 22 20:13:14.540#Z#DEBUG#935167e9-561a-11f1-95bd-eeee0a9c03bf.OPERATION#flowable-async-job-executor-thread-832#
Step "Stop App" finished#
#2026 05 22 20:13:14.626#Z#DEBUG#935167e9-561a-11f1-95bd-eeee0a9c03bf.OPERATION#flowable-async-job-executor-thread-832#
[StageAppStep] Executing task "stageAppTask" of process "a9f1080d-561a-11f1-8aa5-eeee0a9b708c"...#
#2026 05 22 20:13:14.631#Z#DEBUG#935167e9-561a-11f1-95bd-eeee0a9c03bf.OPERATION#flowable-async-job-executor-thread-832#
[StageAppStep] Application stage timeout is default one: 3,600 seconds#
#2026 05 22 20:13:14.635#Z#DEBUG#935167e9-561a-11f1-95bd-eeee0a9c03bf.OPERATION#flowable-async-job-executor-thread-832#
Step "Stage App" finished#
#2026 05 22 20:13:14.717#Z#DEBUG#935167e9-561a-11f1-95bd-eeee0a9c03bf.OPERATION#flowable-async-job-executor-thread-832#
[RestartAppStep] Executing task "startAppTask" of process "a9f1080d-561a-11f1-8aa5-eeee0a9b708c"...#
#2026 05 22 20:13:14.727#Z#DEBUG#935167e9-561a-11f1-95bd-eeee0a9c03bf.OPERATION#flowable-async-job-executor-thread-832#
[RestartAppStep] Application start timeout is default one: 3,600 seconds#
#2026 05 22 20:13:14.742#Z#DEBUG#935167e9-561a-11f1-95bd-eeee0a9c03bf.OPERATION#flowable-async-job-executor-thread-832#
[RestartAppStep] Getting application "CAPM-srv"...#
#2026 05 22 20:13:14.795#Z#INFO#935167e9-561a-11f1-95bd-eeee0a9c03bf.OPERATION#flowable-async-job-executor-thread-832#
[RestartAppStep] Starting application "CAPM-srv"...#
#2026 05 22 20:13:14.806#Z#DEBUG#935167e9-561a-11f1-95bd-eeee0a9c03bf.OPERATION#flowable-async-job-executor-thread-832#
[RestartAppStep] Starting application "CAPM-srv"...#
#2026 05 22 20:13:15.067#Z#DEBUG#935167e9-561a-11f1-95bd-eeee0a9c03bf.OPERATION#flowable-async-job-executor-thread-832#
Step "Start App" finished#
#2026 05 22 20:13:14.406#Z#DEBUG#935167e9-561a-11f1-95bd-eeee0a9c03bf.OPERATION#flowable-async-job-executor-thread-830#
[ExecuteTaskStep] Executing task "executeTaskTask" of process "a9c7fc21-561a-11f1-8aa5-eeee0a9b708c"...#
#2026 05 22 20:13:14.411#Z#DEBUG#935167e9-561a-11f1-95bd-eeee0a9c03bf.OPERATION#flowable-async-job-executor-thread-830#
[ExecuteTaskStep] Application task execution timeout is default one: 43,200 seconds#
#2026 05 22 20:13:14.416#Z#INFO#935167e9-561a-11f1-95bd-eeee0a9c03bf.OPERATION#flowable-async-job-executor-thread-830#
[ExecuteTaskStep] Executing task "deploy-html5-content" on application "CAPM-html5-deployer"...#
#2026 05 22 20:13:14.425#Z#DEBUG#935167e9-561a-11f1-95bd-eeee0a9c03bf.OPERATION#flowable-async-job-executor-thread-830#
[ExecuteTaskStep] Running task on application "CAPM-html5-deployer": {
  "name" : "deploy-html5-content",
  "command" : "npm start",
  "limits" : {
    "disk" : 512,
    "memory" : 256
  }
}#
#2026 05 22 20:13:15.304#Z#DEBUG#935167e9-561a-11f1-95bd-eeee0a9c03bf.OPERATION#flowable-async-job-executor-thread-830#
Step "Execute Task" finished#
#2026 05 22 20:13:22.775#Z#DEBUG#935167e9-561a-11f1-95bd-eeee0a9c03bf.OPERATION#flowable-async-job-executor-thread-1242#
[BindServiceToApplicationStep] Executing task "bindServiceToApplicationTask" of process "9f5daa49-561a-11f1-8aa5-eeee0a9b708c"...#
#2026 05 22 20:13:22.778#Z#DEBUG#935167e9-561a-11f1-95bd-eeee0a9c03bf.OPERATION#flowable-async-job-executor-thread-1242#
[BindServiceToApplicationStep] Getting async job "605e6cba-2562-45d2-9bef-f483009f8f9a"#
#2026 05 22 20:13:22.811#Z#DEBUG#935167e9-561a-11f1-95bd-eeee0a9c03bf.OPERATION#flowable-async-job-executor-thread-1242#
[BindServiceToApplicationStep] Getting service instance "CAPM-auth"...#
#2026 05 22 20:13:22.940#Z#DEBUG#935167e9-561a-11f1-95bd-eeee0a9c03bf.OPERATION#flowable-async-job-executor-thread-1242#
[BindServiceToApplicationStep] Async service binding operation with id "605e6cba-2562-45d2-9bef-f483009f8f9a" finished#
#2026 05 22 20:13:22.942#Z#DEBUG#935167e9-561a-11f1-95bd-eeee0a9c03bf.OPERATION#flowable-async-job-executor-thread-1242#
Step "Bind Service to Application" finished#
#2026 05 22 20:13:22.797#Z#DEBUG#935167e9-561a-11f1-95bd-eeee0a9c03bf.OPERATION#flowable-async-job-executor-thread-1243#
[ExecuteTaskStep] Executing task "executeTaskTask" of process "a9c7fc21-561a-11f1-8aa5-eeee0a9b708c"...#
#2026 05 22 20:13:22.803#Z#DEBUG#935167e9-561a-11f1-95bd-eeee0a9c03bf.OPERATION#flowable-async-job-executor-thread-1243#
[ExecuteTaskStep] Application task execution timeout is default one: 43,200 seconds#
#2026 05 22 20:13:22.808#Z#DEBUG#935167e9-561a-11f1-95bd-eeee0a9c03bf.OPERATION#flowable-async-job-executor-thread-1243#
[ExecuteTaskStep] Getting task "cefebe42-f241-4930-9b9a-5d036de14ff6"...#
#2026 05 22 20:13:22.879#Z#DEBUG#935167e9-561a-11f1-95bd-eeee0a9c03bf.OPERATION#flowable-async-job-executor-thread-1243#
[ExecuteTaskStep] Task execution status: running#
#2026 05 22 20:13:22.880#Z#DEBUG#935167e9-561a-11f1-95bd-eeee0a9c03bf.OPERATION#flowable-async-job-executor-thread-1243#
[ExecuteTaskStep] Getting application guid "CAPM-html5-deployer"...#
#2026 05 22 20:13:22.956#Z#DEBUG#935167e9-561a-11f1-95bd-eeee0a9c03bf.OPERATION#flowable-async-job-executor-thread-1243#
Step "Execute Task" finished#
#2026 05 22 20:13:22.803#Z#DEBUG#935167e9-561a-11f1-95bd-eeee0a9c03bf.OPERATION#flowable-async-job-executor-thread-1071#
[BindServiceToApplicationStep] Executing task "bindServiceToApplicationTask" of process "a018bc14-561a-11f1-95bd-eeee0a9c03bf"...#
#2026 05 22 20:13:22.807#Z#DEBUG#935167e9-561a-11f1-95bd-eeee0a9c03bf.OPERATION#flowable-async-job-executor-thread-1071#
[BindServiceToApplicationStep] Getting async job "bd95fde4-28f7-4a6a-8313-9e13b0b278b8"#
#2026 05 22 20:13:22.843#Z#DEBUG#935167e9-561a-11f1-95bd-eeee0a9c03bf.OPERATION#flowable-async-job-executor-thread-1071#
[BindServiceToApplicationStep] Getting service instance "CAPM-html5repo-runtime"...#
#2026 05 22 20:13:22.972#Z#DEBUG#935167e9-561a-11f1-95bd-eeee0a9c03bf.OPERATION#flowable-async-job-executor-thread-1071#
[BindServiceToApplicationStep] Async service binding operation with id "bd95fde4-28f7-4a6a-8313-9e13b0b278b8" finished#
#2026 05 22 20:13:22.974#Z#DEBUG#935167e9-561a-11f1-95bd-eeee0a9c03bf.OPERATION#flowable-async-job-executor-thread-1071#
Step "Bind Service to Application" finished#
#2026 05 22 20:13:22.773#Z#DEBUG#935167e9-561a-11f1-95bd-eeee0a9c03bf.OPERATION#flowable-async-job-executor-thread-1241#
[RestartAppStep] Executing task "startAppTask" of process "aa414b05-561a-11f1-8aa5-eeee0a9b708c"...#
#2026 05 22 20:13:22.780#Z#DEBUG#935167e9-561a-11f1-95bd-eeee0a9c03bf.OPERATION#flowable-async-job-executor-thread-1241#
[RestartAppStep] Application start timeout is default one: 3,600 seconds#
#2026 05 22 20:13:22.782#Z#DEBUG#935167e9-561a-11f1-95bd-eeee0a9c03bf.OPERATION#flowable-async-job-executor-thread-1241#
[RestartAppStep] Checking status of application "CAPM-srv"...#
#2026 05 22 20:13:22.782#Z#DEBUG#935167e9-561a-11f1-95bd-eeee0a9c03bf.OPERATION#flowable-async-job-executor-thread-1241#
[RestartAppStep] Getting application "CAPM-srv"...#
#2026 05 22 20:13:22.820#Z#DEBUG#935167e9-561a-11f1-95bd-eeee0a9c03bf.OPERATION#flowable-async-job-executor-thread-1241#
[RestartAppStep] Getting instances for application "CAPM-srv"...#
#2026 05 22 20:13:22.909#Z#DEBUG#935167e9-561a-11f1-95bd-eeee0a9c03bf.OPERATION#flowable-async-job-executor-thread-1241#
[RestartAppStep] Application "CAPM-srv": 1 of 1 instances running (1 running)#
#2026 05 22 20:13:22.973#Z#DEBUG#935167e9-561a-11f1-95bd-eeee0a9c03bf.OPERATION#flowable-async-job-executor-thread-1241#
[RestartAppStep] Getting routes for application "81f63cf1-668d-4ad9-8c63-ff2be45a837a"...#
#2026 05 22 20:13:23.012#Z#INFO#935167e9-561a-11f1-95bd-eeee0a9c03bf.OPERATION#flowable-async-job-executor-thread-1241#
[RestartAppStep] Application "CAPM-srv" started and available at "development-development-capm-srv.cfapps.sa30.hana.ondemand.com"#
#2026 05 22 20:13:23.023#Z#DEBUG#935167e9-561a-11f1-95bd-eeee0a9c03bf.OPERATION#flowable-async-job-executor-thread-1241#
Step "Start App" finished#
#2026 05 22 20:13:25.214#Z#DEBUG#935167e9-561a-11f1-95bd-eeee0a9c03bf.OPERATION#flowable-async-job-executor-thread-1245#
[DetermineVcapServicesPropertiesChangedStep] Executing task "determineVcapServicesPropertiesChangedTask" of process "b03f1b05-561a-11f1-95bd-eeee0a9c03bf"...#
#2026 05 22 20:13:25.218#Z#DEBUG#935167e9-561a-11f1-95bd-eeee0a9c03bf.OPERATION#flowable-async-job-executor-thread-1245#
[DetermineVcapServicesPropertiesChangedStep] VCAP_SERVICES properties for application "CAPM" changed: true#
#2026 05 22 20:13:25.218#Z#DEBUG#935167e9-561a-11f1-95bd-eeee0a9c03bf.OPERATION#flowable-async-job-executor-thread-1245#
Step "Determine vcap services properties changed" finished#
#2026 05 22 20:13:25.273#Z#DEBUG#935167e9-561a-11f1-95bd-eeee0a9c03bf.OPERATION#flowable-async-job-executor-thread-1245#
[UploadAppStep] Executing task "uploadAppTask" of process "b03f1b05-561a-11f1-95bd-eeee0a9c03bf"...#
#2026 05 22 20:13:25.277#Z#DEBUG#935167e9-561a-11f1-95bd-eeee0a9c03bf.OPERATION#flowable-async-job-executor-thread-1245#
[UploadAppStep] Application upload timeout is default one: 3,600 seconds#
#2026 05 22 20:13:25.278#Z#INFO#935167e9-561a-11f1-95bd-eeee0a9c03bf.OPERATION#flowable-async-job-executor-thread-1245#
[UploadAppStep] Uploading application "CAPM"...#
#2026 05 22 20:13:25.289#Z#DEBUG#935167e9-561a-11f1-95bd-eeee0a9c03bf.OPERATION#flowable-async-job-executor-thread-1245#
[UploadAppStep] Getting application "CAPM"...#
#2026 05 22 20:13:25.328#Z#DEBUG#935167e9-561a-11f1-95bd-eeee0a9c03bf.OPERATION#flowable-async-job-executor-thread-1245#
[UploadAppStep] Getting environment of application "502d8485-3ee7-4ec4-bd63-d199cbdb6a2c"...#
#2026 05 22 20:13:25.397#Z#INFO#935167e9-561a-11f1-95bd-eeee0a9c03bf.OPERATION#flowable-async-job-executor-thread-1245#
[UploadAppStep] Calculating application digest: "CAPM"#
#2026 05 22 20:13:25.548#Z#DEBUG#935167e9-561a-11f1-95bd-eeee0a9c03bf.OPERATION#flowable-async-job-executor-thread-1245#
[UploadAppStep] Getting packages for application: "502d8485-3ee7-4ec4-bd63-d199cbdb6a2c"#
#2026 05 22 20:13:25.674#Z#DEBUG#935167e9-561a-11f1-95bd-eeee0a9c03bf.OPERATION#flowable-async-job-executor-thread-1245#
[UploadAppStep] Getting the current droplet for application: "502d8485-3ee7-4ec4-bd63-d199cbdb6a2c"#
#2026 05 22 20:13:25.820#Z#DEBUG#935167e9-561a-11f1-95bd-eeee0a9c03bf.OPERATION#flowable-async-job-executor-thread-1245#
[UploadAppStep] Getting package by id: "5d812c51-7842-468e-9eaf-5a81d831d13f"#
#2026 05 22 20:13:25.859#Z#DEBUG#935167e9-561a-11f1-95bd-eeee0a9c03bf.OPERATION#flowable-async-job-executor-thread-1245#
[UploadAppStep] Getting builds for application "502d8485-3ee7-4ec4-bd63-d199cbdb6a2c"...#
#2026 05 22 20:13:25.984#Z#DEBUG#935167e9-561a-11f1-95bd-eeee0a9c03bf.OPERATION#flowable-async-job-executor-thread-1245#
[UploadAppStep] Getting the current droplet for application: "502d8485-3ee7-4ec4-bd63-d199cbdb6a2c"#
#2026 05 22 20:13:26.022#Z#INFO#935167e9-561a-11f1-95bd-eeee0a9c03bf.OPERATION#flowable-async-job-executor-thread-1245#
[UploadAppStep] Content of application "CAPM" is not changed - upload will be skipped.#
#2026 05 22 20:13:26.033#Z#DEBUG#935167e9-561a-11f1-95bd-eeee0a9c03bf.OPERATION#flowable-async-job-executor-thread-1245#
Step "Upload App" finished#
#2026 05 22 20:13:26.092#Z#DEBUG#935167e9-561a-11f1-95bd-eeee0a9c03bf.OPERATION#flowable-async-job-executor-thread-1245#
[ScaleAppStep] Executing task "scaleAppTask" of process "b03f1b05-561a-11f1-95bd-eeee0a9c03bf"...#
#2026 05 22 20:13:26.097#Z#DEBUG#935167e9-561a-11f1-95bd-eeee0a9c03bf.OPERATION#flowable-async-job-executor-thread-1245#
[ScaleAppStep] Scaling application "CAPM"...#
#2026 05 22 20:13:26.097#Z#DEBUG#935167e9-561a-11f1-95bd-eeee0a9c03bf.OPERATION#flowable-async-job-executor-thread-1245#
[ScaleAppStep] Getting application guid "CAPM"...#
#2026 05 22 20:13:26.137#Z#DEBUG#935167e9-561a-11f1-95bd-eeee0a9c03bf.OPERATION#flowable-async-job-executor-thread-1245#
[ScaleAppStep] Getting process for application "502d8485-3ee7-4ec4-bd63-d199cbdb6a2c"...#
#2026 05 22 20:13:26.178#Z#DEBUG#935167e9-561a-11f1-95bd-eeee0a9c03bf.OPERATION#flowable-async-job-executor-thread-1245#
[ScaleAppStep] Application "CAPM" scaled#
#2026 05 22 20:13:26.178#Z#DEBUG#935167e9-561a-11f1-95bd-eeee0a9c03bf.OPERATION#flowable-async-job-executor-thread-1245#
Step "Scale App" finished#
#2026 05 22 20:13:26.224#Z#DEBUG#935167e9-561a-11f1-95bd-eeee0a9c03bf.OPERATION#flowable-async-job-executor-thread-1245#
[DetermineDesiredStateAchievingActionsStep] Executing task "determineDesiredStateAchievingActionsTask" of process "b03f1b05-561a-11f1-95bd-eeee0a9c03bf"...#
#2026 05 22 20:13:26.227#Z#DEBUG#935167e9-561a-11f1-95bd-eeee0a9c03bf.OPERATION#flowable-async-job-executor-thread-1245#
[DetermineDesiredStateAchievingActionsStep] Getting application "CAPM"...#
#2026 05 22 20:13:26.275#Z#DEBUG#935167e9-561a-11f1-95bd-eeee0a9c03bf.OPERATION#flowable-async-job-executor-thread-1245#
[DetermineDesiredStateAchievingActionsStep] Getting instances for application "CAPM"...#
#2026 05 22 20:13:26.366#Z#DEBUG#935167e9-561a-11f1-95bd-eeee0a9c03bf.OPERATION#flowable-async-job-executor-thread-1245#
[DetermineDesiredStateAchievingActionsStep] Getting environment of application "502d8485-3ee7-4ec4-bd63-d199cbdb6a2c"...#
#2026 05 22 20:13:26.422#Z#DEBUG#935167e9-561a-11f1-95bd-eeee0a9c03bf.OPERATION#flowable-async-job-executor-thread-1245#
[DetermineDesiredStateAchievingActionsStep] Current state of application CAPM: STARTED#
#2026 05 22 20:13:26.422#Z#DEBUG#935167e9-561a-11f1-95bd-eeee0a9c03bf.OPERATION#flowable-async-job-executor-thread-1245#
[DetermineDesiredStateAchievingActionsStep] Desired state of application CAPM: STARTED#
#2026 05 22 20:13:26.423#Z#DEBUG#935167e9-561a-11f1-95bd-eeee0a9c03bf.OPERATION#flowable-async-job-executor-thread-1245#
[DetermineDesiredStateAchievingActionsStep] Actions that should be executed on application CAPM: [STOP, STAGE, START]#
#2026 05 22 20:13:26.423#Z#DEBUG#935167e9-561a-11f1-95bd-eeee0a9c03bf.OPERATION#flowable-async-job-executor-thread-1245#
Step "Determine Desired State Achieving Actions" finished#
#2026 05 22 20:13:26.493#Z#DEBUG#935167e9-561a-11f1-95bd-eeee0a9c03bf.OPERATION#flowable-async-job-executor-thread-1243#
[StopAppStep] Executing task "stopAppTask" of process "b03f1b05-561a-11f1-95bd-eeee0a9c03bf"...#
#2026 05 22 20:13:26.502#Z#INFO#935167e9-561a-11f1-95bd-eeee0a9c03bf.OPERATION#flowable-async-job-executor-thread-1243#
[StopAppStep] Stopping application "CAPM"...#
#2026 05 22 20:13:26.514#Z#DEBUG#935167e9-561a-11f1-95bd-eeee0a9c03bf.OPERATION#flowable-async-job-executor-thread-1243#
[StopAppStep] Stopping application "CAPM"...#
#2026 05 22 20:13:26.659#Z#DEBUG#935167e9-561a-11f1-95bd-eeee0a9c03bf.OPERATION#flowable-async-job-executor-thread-1243#
[StopAppStep] Application "CAPM" stopped#
#2026 05 22 20:13:26.659#Z#DEBUG#935167e9-561a-11f1-95bd-eeee0a9c03bf.OPERATION#flowable-async-job-executor-thread-1243#
[StopAppStep] Getting environment of application "502d8485-3ee7-4ec4-bd63-d199cbdb6a2c"...#
#2026 05 22 20:13:26.737#Z#DEBUG#935167e9-561a-11f1-95bd-eeee0a9c03bf.OPERATION#flowable-async-job-executor-thread-1243#
Step "Stop App" finished#
#2026 05 22 20:13:26.836#Z#DEBUG#935167e9-561a-11f1-95bd-eeee0a9c03bf.OPERATION#flowable-async-job-executor-thread-1241#
[StageAppStep] Executing task "stageAppTask" of process "b1362562-561a-11f1-95bd-eeee0a9c03bf"...#
#2026 05 22 20:13:26.841#Z#DEBUG#935167e9-561a-11f1-95bd-eeee0a9c03bf.OPERATION#flowable-async-job-executor-thread-1241#
[StageAppStep] Application stage timeout is default one: 3,600 seconds#
#2026 05 22 20:13:26.845#Z#DEBUG#935167e9-561a-11f1-95bd-eeee0a9c03bf.OPERATION#flowable-async-job-executor-thread-1241#
Step "Stage App" finished#
#2026 05 22 20:13:26.925#Z#DEBUG#935167e9-561a-11f1-95bd-eeee0a9c03bf.OPERATION#flowable-async-job-executor-thread-1244#
[RestartAppStep] Executing task "startAppTask" of process "b1362562-561a-11f1-95bd-eeee0a9c03bf"...#
#2026 05 22 20:13:26.932#Z#DEBUG#935167e9-561a-11f1-95bd-eeee0a9c03bf.OPERATION#flowable-async-job-executor-thread-1244#
[RestartAppStep] Application start timeout is default one: 3,600 seconds#
#2026 05 22 20:13:26.944#Z#DEBUG#935167e9-561a-11f1-95bd-eeee0a9c03bf.OPERATION#flowable-async-job-executor-thread-1244#
[RestartAppStep] Getting application "CAPM"...#
#2026 05 22 20:13:26.986#Z#INFO#935167e9-561a-11f1-95bd-eeee0a9c03bf.OPERATION#flowable-async-job-executor-thread-1244#
[RestartAppStep] Starting application "CAPM"...#
#2026 05 22 20:13:26.995#Z#DEBUG#935167e9-561a-11f1-95bd-eeee0a9c03bf.OPERATION#flowable-async-job-executor-thread-1244#
[RestartAppStep] Starting application "CAPM"...#
#2026 05 22 20:13:27.399#Z#DEBUG#935167e9-561a-11f1-95bd-eeee0a9c03bf.OPERATION#flowable-async-job-executor-thread-1244#
Step "Start App" finished#
#2026 05 22 20:13:32.839#Z#DEBUG#935167e9-561a-11f1-95bd-eeee0a9c03bf.OPERATION#flowable-async-job-executor-thread-1074#
[RestartAppStep] Executing task "startAppTask" of process "aeffbd2e-561a-11f1-95bd-eeee0a9c03bf"...#
#2026 05 22 20:13:32.848#Z#DEBUG#935167e9-561a-11f1-95bd-eeee0a9c03bf.OPERATION#flowable-async-job-executor-thread-1074#
[RestartAppStep] Application start timeout is default one: 3,600 seconds#
#2026 05 22 20:13:32.853#Z#DEBUG#935167e9-561a-11f1-95bd-eeee0a9c03bf.OPERATION#flowable-async-job-executor-thread-1074#
Step "Start App" finished#
#2026 05 22 20:13:32.821#Z#DEBUG#935167e9-561a-11f1-95bd-eeee0a9c03bf.OPERATION#flowable-async-job-executor-thread-1248#
[ExecuteTaskStep] Executing task "executeTaskTask" of process "a9c7fc21-561a-11f1-8aa5-eeee0a9b708c"...#
#2026 05 22 20:13:32.826#Z#DEBUG#935167e9-561a-11f1-95bd-eeee0a9c03bf.OPERATION#flowable-async-job-executor-thread-1248#
[ExecuteTaskStep] Application task execution timeout is default one: 43,200 seconds#
#2026 05 22 20:13:32.831#Z#DEBUG#935167e9-561a-11f1-95bd-eeee0a9c03bf.OPERATION#flowable-async-job-executor-thread-1248#
[ExecuteTaskStep] Getting task "cefebe42-f241-4930-9b9a-5d036de14ff6"...#
#2026 05 22 20:13:32.869#Z#DEBUG#935167e9-561a-11f1-95bd-eeee0a9c03bf.OPERATION#flowable-async-job-executor-thread-1248#
[ExecuteTaskStep] Task execution status: running#
#2026 05 22 20:13:32.870#Z#DEBUG#935167e9-561a-11f1-95bd-eeee0a9c03bf.OPERATION#flowable-async-job-executor-thread-1248#
[ExecuteTaskStep] Getting application guid "CAPM-html5-deployer"...#
#2026 05 22 20:13:32.989#Z#DEBUG#935167e9-561a-11f1-95bd-eeee0a9c03bf.OPERATION#flowable-async-job-executor-thread-1248#
Step "Execute Task" finished#
#2026 05 22 20:13:32.830#Z#DEBUG#935167e9-561a-11f1-95bd-eeee0a9c03bf.OPERATION#flowable-async-job-executor-thread-1249#
[RestartAppStep] Executing task "startAppTask" of process "b19adaba-561a-11f1-95bd-eeee0a9c03bf"...#
#2026 05 22 20:13:32.837#Z#DEBUG#935167e9-561a-11f1-95bd-eeee0a9c03bf.OPERATION#flowable-async-job-executor-thread-1249#
[RestartAppStep] Application start timeout is default one: 3,600 seconds#
#2026 05 22 20:13:32.838#Z#DEBUG#935167e9-561a-11f1-95bd-eeee0a9c03bf.OPERATION#flowable-async-job-executor-thread-1249#
[RestartAppStep] Checking status of application "CAPM"...#
#2026 05 22 20:13:32.838#Z#DEBUG#935167e9-561a-11f1-95bd-eeee0a9c03bf.OPERATION#flowable-async-job-executor-thread-1249#
[RestartAppStep] Getting application "CAPM"...#
#2026 05 22 20:13:32.888#Z#DEBUG#935167e9-561a-11f1-95bd-eeee0a9c03bf.OPERATION#flowable-async-job-executor-thread-1249#
[RestartAppStep] Getting instances for application "CAPM"...#
#2026 05 22 20:13:32.944#Z#DEBUG#935167e9-561a-11f1-95bd-eeee0a9c03bf.OPERATION#flowable-async-job-executor-thread-1249#
[RestartAppStep] Application "CAPM": 0 of 1 instances running (1 starting)#
#2026 05 22 20:13:33.015#Z#DEBUG#935167e9-561a-11f1-95bd-eeee0a9c03bf.OPERATION#flowable-async-job-executor-thread-1249#
Step "Start App" finished#
#2026 05 22 20:13:33.017#Z#DEBUG#935167e9-561a-11f1-95bd-eeee0a9c03bf.OPERATION#flowable-async-job-executor-thread-1076#
[PrepareToExecuteTasksStep] Executing task "prepareToExecuteTasksTask" of process "b4e87ea3-561a-11f1-90d4-eeee0a9381a6"...#
#2026 05 22 20:13:33.022#Z#DEBUG#935167e9-561a-11f1-95bd-eeee0a9c03bf.OPERATION#flowable-async-job-executor-thread-1076#
Step "Prepare To Execute Tasks" finished#
#2026 05 22 20:13:33.166#Z#DEBUG#935167e9-561a-11f1-95bd-eeee0a9c03bf.OPERATION#flowable-async-job-executor-thread-1077#
[PublishConfigurationEntriesStep] Executing task "publishProvidedDependenciesTask" of process "b4db8630-561a-11f1-90d4-eeee0a9381a6"...#
#2026 05 22 20:13:33.168#Z#DEBUG#935167e9-561a-11f1-95bd-eeee0a9c03bf.OPERATION#flowable-async-job-executor-thread-1077#
[PublishConfigurationEntriesStep] Publishing public provided dependencies for application "CAPM-srv"...#
#2026 05 22 20:13:33.171#Z#DEBUG#935167e9-561a-11f1-95bd-eeee0a9c03bf.OPERATION#flowable-async-job-executor-thread-1077#
[PublishConfigurationEntriesStep] No public provided dependencies for publishing#
#2026 05 22 20:13:33.171#Z#DEBUG#935167e9-561a-11f1-95bd-eeee0a9c03bf.OPERATION#flowable-async-job-executor-thread-1077#
Step "Publish Provided Dependencies" finished#
#2026 05 22 20:13:33.247#Z#DEBUG#935167e9-561a-11f1-95bd-eeee0a9c03bf.OPERATION#flowable-async-job-executor-thread-1078#
[CreateOrUpdateServiceBrokerStep] Executing task "createOrUpdateServiceBrokerTask" of process "b4db8630-561a-11f1-90d4-eeee0a9381a6"...#
#2026 05 22 20:13:33.252#Z#DEBUG#935167e9-561a-11f1-95bd-eeee0a9c03bf.OPERATION#flowable-async-job-executor-thread-1078#
[CreateOrUpdateServiceBrokerStep] Creating service brokers...#
#2026 05 22 20:13:33.255#Z#DEBUG#935167e9-561a-11f1-95bd-eeee0a9c03bf.OPERATION#flowable-async-job-executor-thread-1078#
Step "Create Or Update Service Broker " finished#
#2026 05 22 20:13:42.839#Z#DEBUG#935167e9-561a-11f1-95bd-eeee0a9c03bf.OPERATION#flowable-async-job-executor-thread-1252#
[ExecuteTaskStep] Executing task "executeTaskTask" of process "a9c7fc21-561a-11f1-8aa5-eeee0a9b708c"...#
#2026 05 22 20:13:42.843#Z#DEBUG#935167e9-561a-11f1-95bd-eeee0a9c03bf.OPERATION#flowable-async-job-executor-thread-1252#
[ExecuteTaskStep] Application task execution timeout is default one: 43,200 seconds#
#2026 05 22 20:13:42.846#Z#DEBUG#935167e9-561a-11f1-95bd-eeee0a9c03bf.OPERATION#flowable-async-job-executor-thread-1252#
[ExecuteTaskStep] Getting task "cefebe42-f241-4930-9b9a-5d036de14ff6"...#
#2026 05 22 20:13:42.886#Z#DEBUG#935167e9-561a-11f1-95bd-eeee0a9c03bf.OPERATION#flowable-async-job-executor-thread-1252#
[ExecuteTaskStep] Task execution status: running#
#2026 05 22 20:13:42.887#Z#DEBUG#935167e9-561a-11f1-95bd-eeee0a9c03bf.OPERATION#flowable-async-job-executor-thread-1252#
[ExecuteTaskStep] Getting application guid "CAPM-html5-deployer"...#
#2026 05 22 20:13:43.048#Z#DEBUG#935167e9-561a-11f1-95bd-eeee0a9c03bf.OPERATION#flowable-async-job-executor-thread-1252#
Step "Execute Task" finished#
#2026 05 22 20:13:42.870#Z#DEBUG#935167e9-561a-11f1-95bd-eeee0a9c03bf.OPERATION#flowable-async-job-executor-thread-1253#
[RestartAppStep] Executing task "startAppTask" of process "b4f3efe5-561a-11f1-95bd-eeee0a9c03bf"...#
#2026 05 22 20:13:42.877#Z#DEBUG#935167e9-561a-11f1-95bd-eeee0a9c03bf.OPERATION#flowable-async-job-executor-thread-1253#
[RestartAppStep] Application start timeout is default one: 3,600 seconds#
#2026 05 22 20:13:42.880#Z#DEBUG#935167e9-561a-11f1-95bd-eeee0a9c03bf.OPERATION#flowable-async-job-executor-thread-1253#
[RestartAppStep] Checking status of application "CAPM"...#
#2026 05 22 20:13:42.882#Z#DEBUG#935167e9-561a-11f1-95bd-eeee0a9c03bf.OPERATION#flowable-async-job-executor-thread-1253#
[RestartAppStep] Getting instances for application "CAPM"...#
#2026 05 22 20:13:42.988#Z#DEBUG#935167e9-561a-11f1-95bd-eeee0a9c03bf.OPERATION#flowable-async-job-executor-thread-1253#
[RestartAppStep] Application "CAPM": 1 of 1 instances running (1 running)#
#2026 05 22 20:13:43.048#Z#DEBUG#935167e9-561a-11f1-95bd-eeee0a9c03bf.OPERATION#flowable-async-job-executor-thread-1253#
[RestartAppStep] Getting routes for application "502d8485-3ee7-4ec4-bd63-d199cbdb6a2c"...#
#2026 05 22 20:13:43.103#Z#INFO#935167e9-561a-11f1-95bd-eeee0a9c03bf.OPERATION#flowable-async-job-executor-thread-1253#
[RestartAppStep] Application "CAPM" started and available at "development-development-capm.cfapps.sa30.hana.ondemand.com"#
#2026 05 22 20:13:43.117#Z#DEBUG#935167e9-561a-11f1-95bd-eeee0a9c03bf.OPERATION#flowable-async-job-executor-thread-1253#
Step "Start App" finished#
#2026 05 22 20:13:52.889#Z#DEBUG#935167e9-561a-11f1-95bd-eeee0a9c03bf.OPERATION#flowable-async-job-executor-thread-834#
[RestartAppStep] Executing task "startAppTask" of process "baf9d68c-561a-11f1-95bd-eeee0a9c03bf"...#
#2026 05 22 20:13:52.897#Z#DEBUG#935167e9-561a-11f1-95bd-eeee0a9c03bf.OPERATION#flowable-async-job-executor-thread-834#
[RestartAppStep] Application start timeout is default one: 3,600 seconds#
#2026 05 22 20:13:52.901#Z#DEBUG#935167e9-561a-11f1-95bd-eeee0a9c03bf.OPERATION#flowable-async-job-executor-thread-834#
Step "Start App" finished#
#2026 05 22 20:13:52.863#Z#DEBUG#935167e9-561a-11f1-95bd-eeee0a9c03bf.OPERATION#flowable-async-job-executor-thread-1255#
[ExecuteTaskStep] Executing task "executeTaskTask" of process "a9c7fc21-561a-11f1-8aa5-eeee0a9b708c"...#
#2026 05 22 20:13:52.867#Z#DEBUG#935167e9-561a-11f1-95bd-eeee0a9c03bf.OPERATION#flowable-async-job-executor-thread-1255#
[ExecuteTaskStep] Application task execution timeout is default one: 43,200 seconds#
#2026 05 22 20:13:52.870#Z#DEBUG#935167e9-561a-11f1-95bd-eeee0a9c03bf.OPERATION#flowable-async-job-executor-thread-1255#
[ExecuteTaskStep] Getting task "cefebe42-f241-4930-9b9a-5d036de14ff6"...#
#2026 05 22 20:13:52.907#Z#DEBUG#935167e9-561a-11f1-95bd-eeee0a9c03bf.OPERATION#flowable-async-job-executor-thread-1255#
[ExecuteTaskStep] Task execution status: running#
#2026 05 22 20:13:52.908#Z#DEBUG#935167e9-561a-11f1-95bd-eeee0a9c03bf.OPERATION#flowable-async-job-executor-thread-1255#
[ExecuteTaskStep] Getting application guid "CAPM-html5-deployer"...#
#2026 05 22 20:13:52.993#Z#DEBUG#935167e9-561a-11f1-95bd-eeee0a9c03bf.OPERATION#flowable-async-job-executor-thread-1255#
Step "Execute Task" finished#
#2026 05 22 20:13:53.055#Z#DEBUG#935167e9-561a-11f1-95bd-eeee0a9c03bf.OPERATION#flowable-async-job-executor-thread-836#
[PrepareToExecuteTasksStep] Executing task "prepareToExecuteTasksTask" of process "c0dacfff-561a-11f1-8aa5-eeee0a9b708c"...#
#2026 05 22 20:13:53.060#Z#DEBUG#935167e9-561a-11f1-95bd-eeee0a9c03bf.OPERATION#flowable-async-job-executor-thread-836#
Step "Prepare To Execute Tasks" finished#
#2026 05 22 20:13:53.191#Z#DEBUG#935167e9-561a-11f1-95bd-eeee0a9c03bf.OPERATION#flowable-async-job-executor-thread-837#
[PublishConfigurationEntriesStep] Executing task "publishProvidedDependenciesTask" of process "c0cec2ec-561a-11f1-8aa5-eeee0a9b708c"...#
#2026 05 22 20:13:53.194#Z#DEBUG#935167e9-561a-11f1-95bd-eeee0a9c03bf.OPERATION#flowable-async-job-executor-thread-837#
[PublishConfigurationEntriesStep] Publishing public provided dependencies for application "CAPM"...#
#2026 05 22 20:13:53.196#Z#DEBUG#935167e9-561a-11f1-95bd-eeee0a9c03bf.OPERATION#flowable-async-job-executor-thread-837#
[PublishConfigurationEntriesStep] No public provided dependencies for publishing#
#2026 05 22 20:13:53.196#Z#DEBUG#935167e9-561a-11f1-95bd-eeee0a9c03bf.OPERATION#flowable-async-job-executor-thread-837#
Step "Publish Provided Dependencies" finished#
#2026 05 22 20:13:53.268#Z#DEBUG#935167e9-561a-11f1-95bd-eeee0a9c03bf.OPERATION#flowable-async-job-executor-thread-838#
[CreateOrUpdateServiceBrokerStep] Executing task "createOrUpdateServiceBrokerTask" of process "c0cec2ec-561a-11f1-8aa5-eeee0a9b708c"...#
#2026 05 22 20:13:53.274#Z#DEBUG#935167e9-561a-11f1-95bd-eeee0a9c03bf.OPERATION#flowable-async-job-executor-thread-838#
[CreateOrUpdateServiceBrokerStep] Creating service brokers...#
#2026 05 22 20:13:53.276#Z#DEBUG#935167e9-561a-11f1-95bd-eeee0a9c03bf.OPERATION#flowable-async-job-executor-thread-838#
Step "Create Or Update Service Broker " finished#
#2026 05 22 20:14:02.891#Z#DEBUG#935167e9-561a-11f1-95bd-eeee0a9c03bf.OPERATION#flowable-async-job-executor-thread-1257#
[ExecuteTaskStep] Executing task "executeTaskTask" of process "a9c7fc21-561a-11f1-8aa5-eeee0a9b708c"...#
#2026 05 22 20:14:02.895#Z#DEBUG#935167e9-561a-11f1-95bd-eeee0a9c03bf.OPERATION#flowable-async-job-executor-thread-1257#
[ExecuteTaskStep] Application task execution timeout is default one: 43,200 seconds#
#2026 05 22 20:14:02.898#Z#DEBUG#935167e9-561a-11f1-95bd-eeee0a9c03bf.OPERATION#flowable-async-job-executor-thread-1257#
[ExecuteTaskStep] Getting task "cefebe42-f241-4930-9b9a-5d036de14ff6"...#
#2026 05 22 20:14:02.935#Z#DEBUG#935167e9-561a-11f1-95bd-eeee0a9c03bf.OPERATION#flowable-async-job-executor-thread-1257#
[ExecuteTaskStep] Task execution status: running#
#2026 05 22 20:14:02.937#Z#DEBUG#935167e9-561a-11f1-95bd-eeee0a9c03bf.OPERATION#flowable-async-job-executor-thread-1257#
[ExecuteTaskStep] Getting application guid "CAPM-html5-deployer"...#
#2026 05 22 20:14:03.035#Z#DEBUG#935167e9-561a-11f1-95bd-eeee0a9c03bf.OPERATION#flowable-async-job-executor-thread-1257#
Step "Execute Task" finished#
#2026 05 22 20:14:12.909#Z#DEBUG#935167e9-561a-11f1-95bd-eeee0a9c03bf.OPERATION#flowable-async-job-executor-thread-1259#
[ExecuteTaskStep] Executing task "executeTaskTask" of process "a9c7fc21-561a-11f1-8aa5-eeee0a9b708c"...#
#2026 05 22 20:14:12.913#Z#DEBUG#935167e9-561a-11f1-95bd-eeee0a9c03bf.OPERATION#flowable-async-job-executor-thread-1259#
[ExecuteTaskStep] Application task execution timeout is default one: 43,200 seconds#
#2026 05 22 20:14:12.916#Z#DEBUG#935167e9-561a-11f1-95bd-eeee0a9c03bf.OPERATION#flowable-async-job-executor-thread-1259#
[ExecuteTaskStep] Getting task "cefebe42-f241-4930-9b9a-5d036de14ff6"...#
#2026 05 22 20:14:12.951#Z#DEBUG#935167e9-561a-11f1-95bd-eeee0a9c03bf.OPERATION#flowable-async-job-executor-thread-1259#
[ExecuteTaskStep] Task execution status: running#
#2026 05 22 20:14:12.952#Z#DEBUG#935167e9-561a-11f1-95bd-eeee0a9c03bf.OPERATION#flowable-async-job-executor-thread-1259#
[ExecuteTaskStep] Getting application guid "CAPM-html5-deployer"...#
#2026 05 22 20:14:13.031#Z#DEBUG#935167e9-561a-11f1-95bd-eeee0a9c03bf.OPERATION#flowable-async-job-executor-thread-1259#
Step "Execute Task" finished#
#2026 05 22 20:14:22.947#Z#DEBUG#935167e9-561a-11f1-95bd-eeee0a9c03bf.OPERATION#flowable-async-job-executor-thread-841#
[ExecuteTaskStep] Executing task "executeTaskTask" of process "a9c7fc21-561a-11f1-8aa5-eeee0a9b708c"...#
#2026 05 22 20:14:22.953#Z#DEBUG#935167e9-561a-11f1-95bd-eeee0a9c03bf.OPERATION#flowable-async-job-executor-thread-841#
[ExecuteTaskStep] Application task execution timeout is default one: 43,200 seconds#
#2026 05 22 20:14:22.958#Z#DEBUG#935167e9-561a-11f1-95bd-eeee0a9c03bf.OPERATION#flowable-async-job-executor-thread-841#
[ExecuteTaskStep] Getting task "cefebe42-f241-4930-9b9a-5d036de14ff6"...#
#2026 05 22 20:14:22.998#Z#DEBUG#935167e9-561a-11f1-95bd-eeee0a9c03bf.OPERATION#flowable-async-job-executor-thread-841#
[ExecuteTaskStep] Task execution status: running#
#2026 05 22 20:14:22.999#Z#DEBUG#935167e9-561a-11f1-95bd-eeee0a9c03bf.OPERATION#flowable-async-job-executor-thread-841#
[ExecuteTaskStep] Getting application guid "CAPM-html5-deployer"...#
#2026 05 22 20:14:23.099#Z#DEBUG#935167e9-561a-11f1-95bd-eeee0a9c03bf.OPERATION#flowable-async-job-executor-thread-841#
Step "Execute Task" finished#
#2026 05 22 20:14:32.964#Z#DEBUG#935167e9-561a-11f1-95bd-eeee0a9c03bf.OPERATION#flowable-async-job-executor-thread-843#
[ExecuteTaskStep] Executing task "executeTaskTask" of process "a9c7fc21-561a-11f1-8aa5-eeee0a9b708c"...#
#2026 05 22 20:14:32.969#Z#DEBUG#935167e9-561a-11f1-95bd-eeee0a9c03bf.OPERATION#flowable-async-job-executor-thread-843#
[ExecuteTaskStep] Application task execution timeout is default one: 43,200 seconds#
#2026 05 22 20:14:32.974#Z#DEBUG#935167e9-561a-11f1-95bd-eeee0a9c03bf.OPERATION#flowable-async-job-executor-thread-843#
[ExecuteTaskStep] Getting task "cefebe42-f241-4930-9b9a-5d036de14ff6"...#
#2026 05 22 20:14:33.015#Z#DEBUG#935167e9-561a-11f1-95bd-eeee0a9c03bf.OPERATION#flowable-async-job-executor-thread-843#
[ExecuteTaskStep] Task execution status: running#
#2026 05 22 20:14:33.016#Z#DEBUG#935167e9-561a-11f1-95bd-eeee0a9c03bf.OPERATION#flowable-async-job-executor-thread-843#
[ExecuteTaskStep] Getting application guid "CAPM-html5-deployer"...#
#2026 05 22 20:14:33.105#Z#DEBUG#935167e9-561a-11f1-95bd-eeee0a9c03bf.OPERATION#flowable-async-job-executor-thread-843#
Step "Execute Task" finished#
#2026 05 22 20:14:42.983#Z#DEBUG#935167e9-561a-11f1-95bd-eeee0a9c03bf.OPERATION#flowable-async-job-executor-thread-845#
[ExecuteTaskStep] Executing task "executeTaskTask" of process "a9c7fc21-561a-11f1-8aa5-eeee0a9b708c"...#
#2026 05 22 20:14:42.988#Z#DEBUG#935167e9-561a-11f1-95bd-eeee0a9c03bf.OPERATION#flowable-async-job-executor-thread-845#
[ExecuteTaskStep] Application task execution timeout is default one: 43,200 seconds#
#2026 05 22 20:14:42.993#Z#DEBUG#935167e9-561a-11f1-95bd-eeee0a9c03bf.OPERATION#flowable-async-job-executor-thread-845#
[ExecuteTaskStep] Getting task "cefebe42-f241-4930-9b9a-5d036de14ff6"...#
#2026 05 22 20:14:43.030#Z#DEBUG#935167e9-561a-11f1-95bd-eeee0a9c03bf.OPERATION#flowable-async-job-executor-thread-845#
[ExecuteTaskStep] Task execution status: running#
#2026 05 22 20:14:43.031#Z#DEBUG#935167e9-561a-11f1-95bd-eeee0a9c03bf.OPERATION#flowable-async-job-executor-thread-845#
[ExecuteTaskStep] Getting application guid "CAPM-html5-deployer"...#
#2026 05 22 20:14:43.083#Z#DEBUG#935167e9-561a-11f1-95bd-eeee0a9c03bf.OPERATION#flowable-async-job-executor-thread-845#
Step "Execute Task" finished#
#2026 05 22 20:14:52.979#Z#DEBUG#935167e9-561a-11f1-95bd-eeee0a9c03bf.OPERATION#flowable-async-job-executor-thread-1261#
[ExecuteTaskStep] Executing task "executeTaskTask" of process "a9c7fc21-561a-11f1-8aa5-eeee0a9b708c"...#
#2026 05 22 20:14:52.983#Z#DEBUG#935167e9-561a-11f1-95bd-eeee0a9c03bf.OPERATION#flowable-async-job-executor-thread-1261#
[ExecuteTaskStep] Application task execution timeout is default one: 43,200 seconds#
#2026 05 22 20:14:52.987#Z#DEBUG#935167e9-561a-11f1-95bd-eeee0a9c03bf.OPERATION#flowable-async-job-executor-thread-1261#
[ExecuteTaskStep] Getting task "cefebe42-f241-4930-9b9a-5d036de14ff6"...#
#2026 05 22 20:14:53.024#Z#DEBUG#935167e9-561a-11f1-95bd-eeee0a9c03bf.OPERATION#flowable-async-job-executor-thread-1261#
[ExecuteTaskStep] Task execution status: running#
#2026 05 22 20:14:53.026#Z#DEBUG#935167e9-561a-11f1-95bd-eeee0a9c03bf.OPERATION#flowable-async-job-executor-thread-1261#
[ExecuteTaskStep] Getting application guid "CAPM-html5-deployer"...#
#2026 05 22 20:14:53.105#Z#DEBUG#935167e9-561a-11f1-95bd-eeee0a9c03bf.OPERATION#flowable-async-job-executor-thread-1261#
Step "Execute Task" finished#
#2026 05 22 20:15:02.999#Z#DEBUG#935167e9-561a-11f1-95bd-eeee0a9c03bf.OPERATION#flowable-async-job-executor-thread-1263#
[ExecuteTaskStep] Executing task "executeTaskTask" of process "a9c7fc21-561a-11f1-8aa5-eeee0a9b708c"...#
#2026 05 22 20:15:03.003#Z#DEBUG#935167e9-561a-11f1-95bd-eeee0a9c03bf.OPERATION#flowable-async-job-executor-thread-1263#
[ExecuteTaskStep] Application task execution timeout is default one: 43,200 seconds#
#2026 05 22 20:15:03.007#Z#DEBUG#935167e9-561a-11f1-95bd-eeee0a9c03bf.OPERATION#flowable-async-job-executor-thread-1263#
[ExecuteTaskStep] Getting task "cefebe42-f241-4930-9b9a-5d036de14ff6"...#
#2026 05 22 20:15:03.045#Z#DEBUG#935167e9-561a-11f1-95bd-eeee0a9c03bf.OPERATION#flowable-async-job-executor-thread-1263#
[ExecuteTaskStep] Task execution status: running#
#2026 05 22 20:15:03.047#Z#DEBUG#935167e9-561a-11f1-95bd-eeee0a9c03bf.OPERATION#flowable-async-job-executor-thread-1263#
[ExecuteTaskStep] Getting application guid "CAPM-html5-deployer"...#
#2026 05 22 20:15:03.111#Z#DEBUG#935167e9-561a-11f1-95bd-eeee0a9c03bf.OPERATION#flowable-async-job-executor-thread-1263#
Step "Execute Task" finished#
#2026 05 22 20:15:13.033#Z#DEBUG#935167e9-561a-11f1-95bd-eeee0a9c03bf.OPERATION#flowable-async-job-executor-thread-1081#
[ExecuteTaskStep] Executing task "executeTaskTask" of process "a9c7fc21-561a-11f1-8aa5-eeee0a9b708c"...#
#2026 05 22 20:15:13.040#Z#DEBUG#935167e9-561a-11f1-95bd-eeee0a9c03bf.OPERATION#flowable-async-job-executor-thread-1081#
[ExecuteTaskStep] Application task execution timeout is default one: 43,200 seconds#
#2026 05 22 20:15:13.044#Z#DEBUG#935167e9-561a-11f1-95bd-eeee0a9c03bf.OPERATION#flowable-async-job-executor-thread-1081#
[ExecuteTaskStep] Getting task "cefebe42-f241-4930-9b9a-5d036de14ff6"...#
#2026 05 22 20:15:13.094#Z#DEBUG#935167e9-561a-11f1-95bd-eeee0a9c03bf.OPERATION#flowable-async-job-executor-thread-1081#
[ExecuteTaskStep] Task execution status: running#
#2026 05 22 20:15:13.095#Z#DEBUG#935167e9-561a-11f1-95bd-eeee0a9c03bf.OPERATION#flowable-async-job-executor-thread-1081#
[ExecuteTaskStep] Getting application guid "CAPM-html5-deployer"...#
#2026 05 22 20:15:13.163#Z#DEBUG#935167e9-561a-11f1-95bd-eeee0a9c03bf.OPERATION#flowable-async-job-executor-thread-1081#
Step "Execute Task" finished#
#2026 05 22 20:15:23.043#Z#DEBUG#935167e9-561a-11f1-95bd-eeee0a9c03bf.OPERATION#flowable-async-job-executor-thread-1083#
[ExecuteTaskStep] Executing task "executeTaskTask" of process "a9c7fc21-561a-11f1-8aa5-eeee0a9b708c"...#
#2026 05 22 20:15:23.049#Z#DEBUG#935167e9-561a-11f1-95bd-eeee0a9c03bf.OPERATION#flowable-async-job-executor-thread-1083#
[ExecuteTaskStep] Application task execution timeout is default one: 43,200 seconds#
#2026 05 22 20:15:23.054#Z#DEBUG#935167e9-561a-11f1-95bd-eeee0a9c03bf.OPERATION#flowable-async-job-executor-thread-1083#
[ExecuteTaskStep] Getting task "cefebe42-f241-4930-9b9a-5d036de14ff6"...#
#2026 05 22 20:15:23.091#Z#DEBUG#935167e9-561a-11f1-95bd-eeee0a9c03bf.OPERATION#flowable-async-job-executor-thread-1083#
[ExecuteTaskStep] Task execution status: running#
#2026 05 22 20:15:23.093#Z#DEBUG#935167e9-561a-11f1-95bd-eeee0a9c03bf.OPERATION#flowable-async-job-executor-thread-1083#
[ExecuteTaskStep] Getting application guid "CAPM-html5-deployer"...#
#2026 05 22 20:15:23.189#Z#DEBUG#935167e9-561a-11f1-95bd-eeee0a9c03bf.OPERATION#flowable-async-job-executor-thread-1083#
Step "Execute Task" finished#
#2026 05 22 20:15:33.059#Z#DEBUG#935167e9-561a-11f1-95bd-eeee0a9c03bf.OPERATION#flowable-async-job-executor-thread-1085#
[ExecuteTaskStep] Executing task "executeTaskTask" of process "a9c7fc21-561a-11f1-8aa5-eeee0a9b708c"...#
#2026 05 22 20:15:33.064#Z#DEBUG#935167e9-561a-11f1-95bd-eeee0a9c03bf.OPERATION#flowable-async-job-executor-thread-1085#
[ExecuteTaskStep] Application task execution timeout is default one: 43,200 seconds#
#2026 05 22 20:15:33.069#Z#DEBUG#935167e9-561a-11f1-95bd-eeee0a9c03bf.OPERATION#flowable-async-job-executor-thread-1085#
[ExecuteTaskStep] Getting task "cefebe42-f241-4930-9b9a-5d036de14ff6"...#
#2026 05 22 20:15:33.121#Z#DEBUG#935167e9-561a-11f1-95bd-eeee0a9c03bf.OPERATION#flowable-async-job-executor-thread-1085#
[ExecuteTaskStep] Task execution status: running#
#2026 05 22 20:15:33.122#Z#DEBUG#935167e9-561a-11f1-95bd-eeee0a9c03bf.OPERATION#flowable-async-job-executor-thread-1085#
[ExecuteTaskStep] Getting application guid "CAPM-html5-deployer"...#
#2026 05 22 20:15:33.256#Z#DEBUG#935167e9-561a-11f1-95bd-eeee0a9c03bf.OPERATION#flowable-async-job-executor-thread-1085#
Step "Execute Task" finished#
#2026 05 22 20:15:43.063#Z#DEBUG#935167e9-561a-11f1-95bd-eeee0a9c03bf.OPERATION#flowable-async-job-executor-thread-1265#
[ExecuteTaskStep] Executing task "executeTaskTask" of process "a9c7fc21-561a-11f1-8aa5-eeee0a9b708c"...#
#2026 05 22 20:15:43.067#Z#DEBUG#935167e9-561a-11f1-95bd-eeee0a9c03bf.OPERATION#flowable-async-job-executor-thread-1265#
[ExecuteTaskStep] Application task execution timeout is default one: 43,200 seconds#
#2026 05 22 20:15:43.070#Z#DEBUG#935167e9-561a-11f1-95bd-eeee0a9c03bf.OPERATION#flowable-async-job-executor-thread-1265#
[ExecuteTaskStep] Getting task "cefebe42-f241-4930-9b9a-5d036de14ff6"...#
#2026 05 22 20:15:43.106#Z#DEBUG#935167e9-561a-11f1-95bd-eeee0a9c03bf.OPERATION#flowable-async-job-executor-thread-1265#
[ExecuteTaskStep] Task execution status: running#
#2026 05 22 20:15:43.108#Z#DEBUG#935167e9-561a-11f1-95bd-eeee0a9c03bf.OPERATION#flowable-async-job-executor-thread-1265#
[ExecuteTaskStep] Getting application guid "CAPM-html5-deployer"...#
#2026 05 22 20:15:43.231#Z#DEBUG#935167e9-561a-11f1-95bd-eeee0a9c03bf.OPERATION#flowable-async-job-executor-thread-1265#
Step "Execute Task" finished#
#2026 05 22 20:15:53.077#Z#DEBUG#935167e9-561a-11f1-95bd-eeee0a9c03bf.OPERATION#flowable-async-job-executor-thread-1267#
[ExecuteTaskStep] Executing task "executeTaskTask" of process "a9c7fc21-561a-11f1-8aa5-eeee0a9b708c"...#
#2026 05 22 20:15:53.080#Z#DEBUG#935167e9-561a-11f1-95bd-eeee0a9c03bf.OPERATION#flowable-async-job-executor-thread-1267#
[ExecuteTaskStep] Application task execution timeout is default one: 43,200 seconds#
#2026 05 22 20:15:53.083#Z#DEBUG#935167e9-561a-11f1-95bd-eeee0a9c03bf.OPERATION#flowable-async-job-executor-thread-1267#
[ExecuteTaskStep] Getting task "cefebe42-f241-4930-9b9a-5d036de14ff6"...#
#2026 05 22 20:15:53.133#Z#DEBUG#935167e9-561a-11f1-95bd-eeee0a9c03bf.OPERATION#flowable-async-job-executor-thread-1267#
[ExecuteTaskStep] Task execution status: running#
#2026 05 22 20:15:53.135#Z#DEBUG#935167e9-561a-11f1-95bd-eeee0a9c03bf.OPERATION#flowable-async-job-executor-thread-1267#
[ExecuteTaskStep] Getting application guid "CAPM-html5-deployer"...#
#2026 05 22 20:15:53.203#Z#DEBUG#935167e9-561a-11f1-95bd-eeee0a9c03bf.OPERATION#flowable-async-job-executor-thread-1267#
Step "Execute Task" finished#
#2026 05 22 20:16:03.106#Z#DEBUG#935167e9-561a-11f1-95bd-eeee0a9c03bf.OPERATION#flowable-async-job-executor-thread-1087#
[ExecuteTaskStep] Executing task "executeTaskTask" of process "a9c7fc21-561a-11f1-8aa5-eeee0a9b708c"...#
#2026 05 22 20:16:03.112#Z#DEBUG#935167e9-561a-11f1-95bd-eeee0a9c03bf.OPERATION#flowable-async-job-executor-thread-1087#
[ExecuteTaskStep] Application task execution timeout is default one: 43,200 seconds#
#2026 05 22 20:16:03.117#Z#DEBUG#935167e9-561a-11f1-95bd-eeee0a9c03bf.OPERATION#flowable-async-job-executor-thread-1087#
[ExecuteTaskStep] Getting task "cefebe42-f241-4930-9b9a-5d036de14ff6"...#
#2026 05 22 20:16:03.149#Z#DEBUG#935167e9-561a-11f1-95bd-eeee0a9c03bf.OPERATION#flowable-async-job-executor-thread-1087#
[ExecuteTaskStep] Task execution status: running#
#2026 05 22 20:16:03.151#Z#DEBUG#935167e9-561a-11f1-95bd-eeee0a9c03bf.OPERATION#flowable-async-job-executor-thread-1087#
[ExecuteTaskStep] Getting application guid "CAPM-html5-deployer"...#
#2026 05 22 20:16:03.217#Z#DEBUG#935167e9-561a-11f1-95bd-eeee0a9c03bf.OPERATION#flowable-async-job-executor-thread-1087#
Step "Execute Task" finished#
#2026 05 22 20:16:13.114#Z#DEBUG#935167e9-561a-11f1-95bd-eeee0a9c03bf.OPERATION#flowable-async-job-executor-thread-1269#
[ExecuteTaskStep] Executing task "executeTaskTask" of process "a9c7fc21-561a-11f1-8aa5-eeee0a9b708c"...#
#2026 05 22 20:16:13.118#Z#DEBUG#935167e9-561a-11f1-95bd-eeee0a9c03bf.OPERATION#flowable-async-job-executor-thread-1269#
[ExecuteTaskStep] Application task execution timeout is default one: 43,200 seconds#
#2026 05 22 20:16:13.121#Z#DEBUG#935167e9-561a-11f1-95bd-eeee0a9c03bf.OPERATION#flowable-async-job-executor-thread-1269#
[ExecuteTaskStep] Getting task "cefebe42-f241-4930-9b9a-5d036de14ff6"...#
#2026 05 22 20:16:13.158#Z#DEBUG#935167e9-561a-11f1-95bd-eeee0a9c03bf.OPERATION#flowable-async-job-executor-thread-1269#
[ExecuteTaskStep] Task execution status: running#
#2026 05 22 20:16:13.159#Z#DEBUG#935167e9-561a-11f1-95bd-eeee0a9c03bf.OPERATION#flowable-async-job-executor-thread-1269#
[ExecuteTaskStep] Getting application guid "CAPM-html5-deployer"...#
#2026 05 22 20:16:13.279#Z#DEBUG#935167e9-561a-11f1-95bd-eeee0a9c03bf.OPERATION#flowable-async-job-executor-thread-1269#
Step "Execute Task" finished#
#2026 05 22 20:16:23.131#Z#DEBUG#935167e9-561a-11f1-95bd-eeee0a9c03bf.OPERATION#flowable-async-job-executor-thread-1271#
[ExecuteTaskStep] Executing task "executeTaskTask" of process "a9c7fc21-561a-11f1-8aa5-eeee0a9b708c"...#
#2026 05 22 20:16:23.136#Z#DEBUG#935167e9-561a-11f1-95bd-eeee0a9c03bf.OPERATION#flowable-async-job-executor-thread-1271#
[ExecuteTaskStep] Application task execution timeout is default one: 43,200 seconds#
#2026 05 22 20:16:23.139#Z#DEBUG#935167e9-561a-11f1-95bd-eeee0a9c03bf.OPERATION#flowable-async-job-executor-thread-1271#
[ExecuteTaskStep] Getting task "cefebe42-f241-4930-9b9a-5d036de14ff6"...#
#2026 05 22 20:16:23.185#Z#DEBUG#935167e9-561a-11f1-95bd-eeee0a9c03bf.OPERATION#flowable-async-job-executor-thread-1271#
[ExecuteTaskStep] Task execution status: running#
#2026 05 22 20:16:23.187#Z#DEBUG#935167e9-561a-11f1-95bd-eeee0a9c03bf.OPERATION#flowable-async-job-executor-thread-1271#
[ExecuteTaskStep] Getting application guid "CAPM-html5-deployer"...#
#2026 05 22 20:16:23.314#Z#DEBUG#935167e9-561a-11f1-95bd-eeee0a9c03bf.OPERATION#flowable-async-job-executor-thread-1271#
Step "Execute Task" finished#
#2026 05 22 20:16:33.148#Z#DEBUG#935167e9-561a-11f1-95bd-eeee0a9c03bf.OPERATION#flowable-async-job-executor-thread-1273#
[ExecuteTaskStep] Executing task "executeTaskTask" of process "a9c7fc21-561a-11f1-8aa5-eeee0a9b708c"...#
#2026 05 22 20:16:33.152#Z#DEBUG#935167e9-561a-11f1-95bd-eeee0a9c03bf.OPERATION#flowable-async-job-executor-thread-1273#
[ExecuteTaskStep] Application task execution timeout is default one: 43,200 seconds#
#2026 05 22 20:16:33.156#Z#DEBUG#935167e9-561a-11f1-95bd-eeee0a9c03bf.OPERATION#flowable-async-job-executor-thread-1273#
[ExecuteTaskStep] Getting task "cefebe42-f241-4930-9b9a-5d036de14ff6"...#
#2026 05 22 20:16:33.197#Z#DEBUG#935167e9-561a-11f1-95bd-eeee0a9c03bf.OPERATION#flowable-async-job-executor-thread-1273#
[ExecuteTaskStep] Task execution status: running#
#2026 05 22 20:16:33.199#Z#DEBUG#935167e9-561a-11f1-95bd-eeee0a9c03bf.OPERATION#flowable-async-job-executor-thread-1273#
[ExecuteTaskStep] Getting application guid "CAPM-html5-deployer"...#
#2026 05 22 20:16:33.311#Z#DEBUG#935167e9-561a-11f1-95bd-eeee0a9c03bf.OPERATION#flowable-async-job-executor-thread-1273#
Step "Execute Task" finished#
#2026 05 22 20:16:43.175#Z#DEBUG#935167e9-561a-11f1-95bd-eeee0a9c03bf.OPERATION#flowable-async-job-executor-thread-1089#
[ExecuteTaskStep] Executing task "executeTaskTask" of process "a9c7fc21-561a-11f1-8aa5-eeee0a9b708c"...#
#2026 05 22 20:16:43.180#Z#DEBUG#935167e9-561a-11f1-95bd-eeee0a9c03bf.OPERATION#flowable-async-job-executor-thread-1089#
[ExecuteTaskStep] Application task execution timeout is default one: 43,200 seconds#
#2026 05 22 20:16:43.185#Z#DEBUG#935167e9-561a-11f1-95bd-eeee0a9c03bf.OPERATION#flowable-async-job-executor-thread-1089#
[ExecuteTaskStep] Getting task "cefebe42-f241-4930-9b9a-5d036de14ff6"...#
#2026 05 22 20:16:43.241#Z#DEBUG#935167e9-561a-11f1-95bd-eeee0a9c03bf.OPERATION#flowable-async-job-executor-thread-1089#
[ExecuteTaskStep] Task execution status: running#
#2026 05 22 20:16:43.242#Z#DEBUG#935167e9-561a-11f1-95bd-eeee0a9c03bf.OPERATION#flowable-async-job-executor-thread-1089#
[ExecuteTaskStep] Getting application guid "CAPM-html5-deployer"...#
#2026 05 22 20:16:43.344#Z#DEBUG#935167e9-561a-11f1-95bd-eeee0a9c03bf.OPERATION#flowable-async-job-executor-thread-1089#
Step "Execute Task" finished#
#2026 05 22 20:16:53.178#Z#DEBUG#935167e9-561a-11f1-95bd-eeee0a9c03bf.OPERATION#flowable-async-job-executor-thread-1276#
[ExecuteTaskStep] Executing task "executeTaskTask" of process "a9c7fc21-561a-11f1-8aa5-eeee0a9b708c"...#
#2026 05 22 20:16:53.182#Z#DEBUG#935167e9-561a-11f1-95bd-eeee0a9c03bf.OPERATION#flowable-async-job-executor-thread-1276#
[ExecuteTaskStep] Application task execution timeout is default one: 43,200 seconds#
#2026 05 22 20:16:53.185#Z#DEBUG#935167e9-561a-11f1-95bd-eeee0a9c03bf.OPERATION#flowable-async-job-executor-thread-1276#
[ExecuteTaskStep] Getting task "cefebe42-f241-4930-9b9a-5d036de14ff6"...#
#2026 05 22 20:16:53.231#Z#DEBUG#935167e9-561a-11f1-95bd-eeee0a9c03bf.OPERATION#flowable-async-job-executor-thread-1276#
[ExecuteTaskStep] Task execution status: running#
#2026 05 22 20:16:53.233#Z#DEBUG#935167e9-561a-11f1-95bd-eeee0a9c03bf.OPERATION#flowable-async-job-executor-thread-1276#
[ExecuteTaskStep] Getting application guid "CAPM-html5-deployer"...#
#2026 05 22 20:16:53.359#Z#DEBUG#935167e9-561a-11f1-95bd-eeee0a9c03bf.OPERATION#flowable-async-job-executor-thread-1276#
Step "Execute Task" finished#
#2026 05 22 20:17:03.207#Z#DEBUG#935167e9-561a-11f1-95bd-eeee0a9c03bf.OPERATION#flowable-async-job-executor-thread-1280#
[ExecuteTaskStep] Executing task "executeTaskTask" of process "a9c7fc21-561a-11f1-8aa5-eeee0a9b708c"...#
#2026 05 22 20:17:03.212#Z#DEBUG#935167e9-561a-11f1-95bd-eeee0a9c03bf.OPERATION#flowable-async-job-executor-thread-1280#
[ExecuteTaskStep] Application task execution timeout is default one: 43,200 seconds#
#2026 05 22 20:17:03.216#Z#DEBUG#935167e9-561a-11f1-95bd-eeee0a9c03bf.OPERATION#flowable-async-job-executor-thread-1280#
[ExecuteTaskStep] Getting task "cefebe42-f241-4930-9b9a-5d036de14ff6"...#
#2026 05 22 20:17:03.267#Z#DEBUG#935167e9-561a-11f1-95bd-eeee0a9c03bf.OPERATION#flowable-async-job-executor-thread-1280#
[ExecuteTaskStep] Task execution status: running#
#2026 05 22 20:17:03.270#Z#DEBUG#935167e9-561a-11f1-95bd-eeee0a9c03bf.OPERATION#flowable-async-job-executor-thread-1280#
[ExecuteTaskStep] Getting application guid "CAPM-html5-deployer"...#
#2026 05 22 20:17:03.369#Z#DEBUG#935167e9-561a-11f1-95bd-eeee0a9c03bf.OPERATION#flowable-async-job-executor-thread-1280#
Step "Execute Task" finished#
#2026 05 22 20:17:13.231#Z#DEBUG#935167e9-561a-11f1-95bd-eeee0a9c03bf.OPERATION#flowable-async-job-executor-thread-1286#
[ExecuteTaskStep] Executing task "executeTaskTask" of process "a9c7fc21-561a-11f1-8aa5-eeee0a9b708c"...#
#2026 05 22 20:17:13.234#Z#DEBUG#935167e9-561a-11f1-95bd-eeee0a9c03bf.OPERATION#flowable-async-job-executor-thread-1286#
[ExecuteTaskStep] Application task execution timeout is default one: 43,200 seconds#
#2026 05 22 20:17:13.237#Z#DEBUG#935167e9-561a-11f1-95bd-eeee0a9c03bf.OPERATION#flowable-async-job-executor-thread-1286#
[ExecuteTaskStep] Getting task "cefebe42-f241-4930-9b9a-5d036de14ff6"...#
#2026 05 22 20:17:13.279#Z#DEBUG#935167e9-561a-11f1-95bd-eeee0a9c03bf.OPERATION#flowable-async-job-executor-thread-1286#
[ExecuteTaskStep] Task execution status: running#
#2026 05 22 20:17:13.280#Z#DEBUG#935167e9-561a-11f1-95bd-eeee0a9c03bf.OPERATION#flowable-async-job-executor-thread-1286#
[ExecuteTaskStep] Getting application guid "CAPM-html5-deployer"...#
#2026 05 22 20:17:13.353#Z#DEBUG#935167e9-561a-11f1-95bd-eeee0a9c03bf.OPERATION#flowable-async-job-executor-thread-1286#
Step "Execute Task" finished#
#2026 05 22 20:17:23.255#Z#DEBUG#935167e9-561a-11f1-95bd-eeee0a9c03bf.OPERATION#flowable-async-job-executor-thread-1289#
[ExecuteTaskStep] Executing task "executeTaskTask" of process "a9c7fc21-561a-11f1-8aa5-eeee0a9b708c"...#
#2026 05 22 20:17:23.259#Z#DEBUG#935167e9-561a-11f1-95bd-eeee0a9c03bf.OPERATION#flowable-async-job-executor-thread-1289#
[ExecuteTaskStep] Application task execution timeout is default one: 43,200 seconds#
#2026 05 22 20:17:23.262#Z#DEBUG#935167e9-561a-11f1-95bd-eeee0a9c03bf.OPERATION#flowable-async-job-executor-thread-1289#
[ExecuteTaskStep] Getting task "cefebe42-f241-4930-9b9a-5d036de14ff6"...#
#2026 05 22 20:17:23.315#Z#DEBUG#935167e9-561a-11f1-95bd-eeee0a9c03bf.OPERATION#flowable-async-job-executor-thread-1289#
[ExecuteTaskStep] Task execution status: running#
#2026 05 22 20:17:23.317#Z#DEBUG#935167e9-561a-11f1-95bd-eeee0a9c03bf.OPERATION#flowable-async-job-executor-thread-1289#
[ExecuteTaskStep] Getting application guid "CAPM-html5-deployer"...#
#2026 05 22 20:17:23.394#Z#DEBUG#935167e9-561a-11f1-95bd-eeee0a9c03bf.OPERATION#flowable-async-job-executor-thread-1289#
Step "Execute Task" finished#
#2026 05 22 20:17:33.311#Z#DEBUG#935167e9-561a-11f1-95bd-eeee0a9c03bf.OPERATION#flowable-async-job-executor-thread-855#
[ExecuteTaskStep] Executing task "executeTaskTask" of process "a9c7fc21-561a-11f1-8aa5-eeee0a9b708c"...#
#2026 05 22 20:17:33.317#Z#DEBUG#935167e9-561a-11f1-95bd-eeee0a9c03bf.OPERATION#flowable-async-job-executor-thread-855#
[ExecuteTaskStep] Application task execution timeout is default one: 43,200 seconds#
#2026 05 22 20:17:33.322#Z#DEBUG#935167e9-561a-11f1-95bd-eeee0a9c03bf.OPERATION#flowable-async-job-executor-thread-855#
[ExecuteTaskStep] Getting task "cefebe42-f241-4930-9b9a-5d036de14ff6"...#
#2026 05 22 20:17:33.360#Z#DEBUG#935167e9-561a-11f1-95bd-eeee0a9c03bf.OPERATION#flowable-async-job-executor-thread-855#
[ExecuteTaskStep] Task execution status: running#
#2026 05 22 20:17:33.362#Z#DEBUG#935167e9-561a-11f1-95bd-eeee0a9c03bf.OPERATION#flowable-async-job-executor-thread-855#
[ExecuteTaskStep] Getting application guid "CAPM-html5-deployer"...#
#2026 05 22 20:17:33.477#Z#DEBUG#935167e9-561a-11f1-95bd-eeee0a9c03bf.OPERATION#flowable-async-job-executor-thread-855#
Step "Execute Task" finished#
#2026 05 22 20:17:43.316#Z#DEBUG#935167e9-561a-11f1-95bd-eeee0a9c03bf.OPERATION#flowable-async-job-executor-thread-1293#
[ExecuteTaskStep] Executing task "executeTaskTask" of process "a9c7fc21-561a-11f1-8aa5-eeee0a9b708c"...#
#2026 05 22 20:17:43.320#Z#DEBUG#935167e9-561a-11f1-95bd-eeee0a9c03bf.OPERATION#flowable-async-job-executor-thread-1293#
[ExecuteTaskStep] Application task execution timeout is default one: 43,200 seconds#
#2026 05 22 20:17:43.323#Z#DEBUG#935167e9-561a-11f1-95bd-eeee0a9c03bf.OPERATION#flowable-async-job-executor-thread-1293#
[ExecuteTaskStep] Getting task "cefebe42-f241-4930-9b9a-5d036de14ff6"...#
#2026 05 22 20:17:43.375#Z#DEBUG#935167e9-561a-11f1-95bd-eeee0a9c03bf.OPERATION#flowable-async-job-executor-thread-1293#
[ExecuteTaskStep] Task execution status: running#
#2026 05 22 20:17:43.377#Z#DEBUG#935167e9-561a-11f1-95bd-eeee0a9c03bf.OPERATION#flowable-async-job-executor-thread-1293#
[ExecuteTaskStep] Getting application guid "CAPM-html5-deployer"...#
#2026 05 22 20:17:43.451#Z#DEBUG#935167e9-561a-11f1-95bd-eeee0a9c03bf.OPERATION#flowable-async-job-executor-thread-1293#
Step "Execute Task" finished#
#2026 05 22 20:17:53.346#Z#DEBUG#935167e9-561a-11f1-95bd-eeee0a9c03bf.OPERATION#flowable-async-job-executor-thread-1297#
[ExecuteTaskStep] Executing task "executeTaskTask" of process "a9c7fc21-561a-11f1-8aa5-eeee0a9b708c"...#
#2026 05 22 20:17:53.349#Z#DEBUG#935167e9-561a-11f1-95bd-eeee0a9c03bf.OPERATION#flowable-async-job-executor-thread-1297#
[ExecuteTaskStep] Application task execution timeout is default one: 43,200 seconds#
#2026 05 22 20:17:53.353#Z#DEBUG#935167e9-561a-11f1-95bd-eeee0a9c03bf.OPERATION#flowable-async-job-executor-thread-1297#
[ExecuteTaskStep] Getting task "cefebe42-f241-4930-9b9a-5d036de14ff6"...#
#2026 05 22 20:17:53.392#Z#DEBUG#935167e9-561a-11f1-95bd-eeee0a9c03bf.OPERATION#flowable-async-job-executor-thread-1297#
[ExecuteTaskStep] Task execution status: running#
#2026 05 22 20:17:53.394#Z#DEBUG#935167e9-561a-11f1-95bd-eeee0a9c03bf.OPERATION#flowable-async-job-executor-thread-1297#
[ExecuteTaskStep] Getting application guid "CAPM-html5-deployer"...#
#2026 05 22 20:17:53.502#Z#DEBUG#935167e9-561a-11f1-95bd-eeee0a9c03bf.OPERATION#flowable-async-job-executor-thread-1297#
Step "Execute Task" finished#
#2026 05 22 20:18:03.386#Z#DEBUG#935167e9-561a-11f1-95bd-eeee0a9c03bf.OPERATION#flowable-async-job-executor-thread-1102#
[ExecuteTaskStep] Executing task "executeTaskTask" of process "a9c7fc21-561a-11f1-8aa5-eeee0a9b708c"...#
#2026 05 22 20:18:03.393#Z#DEBUG#935167e9-561a-11f1-95bd-eeee0a9c03bf.OPERATION#flowable-async-job-executor-thread-1102#
[ExecuteTaskStep] Application task execution timeout is default one: 43,200 seconds#
#2026 05 22 20:18:03.398#Z#DEBUG#935167e9-561a-11f1-95bd-eeee0a9c03bf.OPERATION#flowable-async-job-executor-thread-1102#
[ExecuteTaskStep] Getting task "cefebe42-f241-4930-9b9a-5d036de14ff6"...#
#2026 05 22 20:18:03.449#Z#DEBUG#935167e9-561a-11f1-95bd-eeee0a9c03bf.OPERATION#flowable-async-job-executor-thread-1102#
[ExecuteTaskStep] Task execution status: running#
#2026 05 22 20:18:03.451#Z#DEBUG#935167e9-561a-11f1-95bd-eeee0a9c03bf.OPERATION#flowable-async-job-executor-thread-1102#
[ExecuteTaskStep] Getting application guid "CAPM-html5-deployer"...#
#2026 05 22 20:18:03.532#Z#DEBUG#935167e9-561a-11f1-95bd-eeee0a9c03bf.OPERATION#flowable-async-job-executor-thread-1102#
Step "Execute Task" finished#
#2026 05 22 20:18:13.418#Z#DEBUG#935167e9-561a-11f1-95bd-eeee0a9c03bf.OPERATION#flowable-async-job-executor-thread-1309#
[ExecuteTaskStep] Executing task "executeTaskTask" of process "a9c7fc21-561a-11f1-8aa5-eeee0a9b708c"...#
#2026 05 22 20:18:13.423#Z#DEBUG#935167e9-561a-11f1-95bd-eeee0a9c03bf.OPERATION#flowable-async-job-executor-thread-1309#
[ExecuteTaskStep] Application task execution timeout is default one: 43,200 seconds#
#2026 05 22 20:18:13.428#Z#DEBUG#935167e9-561a-11f1-95bd-eeee0a9c03bf.OPERATION#flowable-async-job-executor-thread-1309#
[ExecuteTaskStep] Getting task "cefebe42-f241-4930-9b9a-5d036de14ff6"...#
#2026 05 22 20:18:13.473#Z#DEBUG#935167e9-561a-11f1-95bd-eeee0a9c03bf.OPERATION#flowable-async-job-executor-thread-1309#
[ExecuteTaskStep] Task execution status: running#
#2026 05 22 20:18:13.474#Z#DEBUG#935167e9-561a-11f1-95bd-eeee0a9c03bf.OPERATION#flowable-async-job-executor-thread-1309#
[ExecuteTaskStep] Getting application guid "CAPM-html5-deployer"...#
#2026 05 22 20:18:13.542#Z#DEBUG#935167e9-561a-11f1-95bd-eeee0a9c03bf.OPERATION#flowable-async-job-executor-thread-1309#
Step "Execute Task" finished#
#2026 05 22 20:18:23.431#Z#DEBUG#935167e9-561a-11f1-95bd-eeee0a9c03bf.OPERATION#flowable-async-job-executor-thread-1311#
[ExecuteTaskStep] Executing task "executeTaskTask" of process "a9c7fc21-561a-11f1-8aa5-eeee0a9b708c"...#
#2026 05 22 20:18:23.437#Z#DEBUG#935167e9-561a-11f1-95bd-eeee0a9c03bf.OPERATION#flowable-async-job-executor-thread-1311#
[ExecuteTaskStep] Application task execution timeout is default one: 43,200 seconds#
#2026 05 22 20:18:23.441#Z#DEBUG#935167e9-561a-11f1-95bd-eeee0a9c03bf.OPERATION#flowable-async-job-executor-thread-1311#
[ExecuteTaskStep] Getting task "cefebe42-f241-4930-9b9a-5d036de14ff6"...#
#2026 05 22 20:18:23.483#Z#DEBUG#935167e9-561a-11f1-95bd-eeee0a9c03bf.OPERATION#flowable-async-job-executor-thread-1311#
[ExecuteTaskStep] Task execution status: running#
#2026 05 22 20:18:23.484#Z#DEBUG#935167e9-561a-11f1-95bd-eeee0a9c03bf.OPERATION#flowable-async-job-executor-thread-1311#
[ExecuteTaskStep] Getting application guid "CAPM-html5-deployer"...#
#2026 05 22 20:18:23.560#Z#INFO#935167e9-561a-11f1-95bd-eeee0a9c03bf.OPERATION#flowable-async-job-executor-thread-1311#
[ExecuteTaskStep] Task "deploy-html5-content" on application "CAPM-html5-deployer" is still "running"#
#2026 05 22 20:18:23.573#Z#DEBUG#935167e9-561a-11f1-95bd-eeee0a9c03bf.OPERATION#flowable-async-job-executor-thread-1311#
Step "Execute Task" finished#
#2026 05 22 20:18:33.451#Z#DEBUG#935167e9-561a-11f1-95bd-eeee0a9c03bf.OPERATION#flowable-async-job-executor-thread-857#
[ExecuteTaskStep] Executing task "executeTaskTask" of process "a9c7fc21-561a-11f1-8aa5-eeee0a9b708c"...#
#2026 05 22 20:18:33.457#Z#DEBUG#935167e9-561a-11f1-95bd-eeee0a9c03bf.OPERATION#flowable-async-job-executor-thread-857#
[ExecuteTaskStep] Application task execution timeout is default one: 43,200 seconds#
#2026 05 22 20:18:33.461#Z#DEBUG#935167e9-561a-11f1-95bd-eeee0a9c03bf.OPERATION#flowable-async-job-executor-thread-857#
[ExecuteTaskStep] Getting task "cefebe42-f241-4930-9b9a-5d036de14ff6"...#
#2026 05 22 20:18:33.517#Z#DEBUG#935167e9-561a-11f1-95bd-eeee0a9c03bf.OPERATION#flowable-async-job-executor-thread-857#
[ExecuteTaskStep] Task execution status: running#
#2026 05 22 20:18:33.519#Z#DEBUG#935167e9-561a-11f1-95bd-eeee0a9c03bf.OPERATION#flowable-async-job-executor-thread-857#
[ExecuteTaskStep] Getting application guid "CAPM-html5-deployer"...#
#2026 05 22 20:18:33.638#Z#DEBUG#935167e9-561a-11f1-95bd-eeee0a9c03bf.OPERATION#flowable-async-job-executor-thread-857#
Step "Execute Task" finished#
#2026 05 22 20:18:43.459#Z#DEBUG#935167e9-561a-11f1-95bd-eeee0a9c03bf.OPERATION#flowable-async-job-executor-thread-1104#
[ExecuteTaskStep] Executing task "executeTaskTask" of process "a9c7fc21-561a-11f1-8aa5-eeee0a9b708c"...#
#2026 05 22 20:18:43.464#Z#DEBUG#935167e9-561a-11f1-95bd-eeee0a9c03bf.OPERATION#flowable-async-job-executor-thread-1104#
[ExecuteTaskStep] Application task execution timeout is default one: 43,200 seconds#
#2026 05 22 20:18:43.469#Z#DEBUG#935167e9-561a-11f1-95bd-eeee0a9c03bf.OPERATION#flowable-async-job-executor-thread-1104#
[ExecuteTaskStep] Getting task "cefebe42-f241-4930-9b9a-5d036de14ff6"...#
#2026 05 22 20:18:43.521#Z#DEBUG#935167e9-561a-11f1-95bd-eeee0a9c03bf.OPERATION#flowable-async-job-executor-thread-1104#
[ExecuteTaskStep] Task execution status: running#
#2026 05 22 20:18:43.522#Z#DEBUG#935167e9-561a-11f1-95bd-eeee0a9c03bf.OPERATION#flowable-async-job-executor-thread-1104#
[ExecuteTaskStep] Getting application guid "CAPM-html5-deployer"...#
#2026 05 22 20:18:43.653#Z#DEBUG#935167e9-561a-11f1-95bd-eeee0a9c03bf.OPERATION#flowable-async-job-executor-thread-1104#
Step "Execute Task" finished#
#2026 05 22 20:18:53.477#Z#DEBUG#935167e9-561a-11f1-95bd-eeee0a9c03bf.OPERATION#flowable-async-job-executor-thread-1106#
[ExecuteTaskStep] Executing task "executeTaskTask" of process "a9c7fc21-561a-11f1-8aa5-eeee0a9b708c"...#
#2026 05 22 20:18:53.482#Z#DEBUG#935167e9-561a-11f1-95bd-eeee0a9c03bf.OPERATION#flowable-async-job-executor-thread-1106#
[ExecuteTaskStep] Application task execution timeout is default one: 43,200 seconds#
#2026 05 22 20:18:53.487#Z#DEBUG#935167e9-561a-11f1-95bd-eeee0a9c03bf.OPERATION#flowable-async-job-executor-thread-1106#
[ExecuteTaskStep] Getting task "cefebe42-f241-4930-9b9a-5d036de14ff6"...#
#2026 05 22 20:18:53.523#Z#DEBUG#935167e9-561a-11f1-95bd-eeee0a9c03bf.OPERATION#flowable-async-job-executor-thread-1106#
[ExecuteTaskStep] Task execution status: running#
#2026 05 22 20:18:53.525#Z#DEBUG#935167e9-561a-11f1-95bd-eeee0a9c03bf.OPERATION#flowable-async-job-executor-thread-1106#
[ExecuteTaskStep] Getting application guid "CAPM-html5-deployer"...#
#2026 05 22 20:18:53.611#Z#DEBUG#935167e9-561a-11f1-95bd-eeee0a9c03bf.OPERATION#flowable-async-job-executor-thread-1106#
Step "Execute Task" finished#
#2026 05 22 20:19:03.505#Z#DEBUG#935167e9-561a-11f1-95bd-eeee0a9c03bf.OPERATION#flowable-async-job-executor-thread-859#
[ExecuteTaskStep] Executing task "executeTaskTask" of process "a9c7fc21-561a-11f1-8aa5-eeee0a9b708c"...#
#2026 05 22 20:19:03.510#Z#DEBUG#935167e9-561a-11f1-95bd-eeee0a9c03bf.OPERATION#flowable-async-job-executor-thread-859#
[ExecuteTaskStep] Application task execution timeout is default one: 43,200 seconds#
#2026 05 22 20:19:03.514#Z#DEBUG#935167e9-561a-11f1-95bd-eeee0a9c03bf.OPERATION#flowable-async-job-executor-thread-859#
[ExecuteTaskStep] Getting task "cefebe42-f241-4930-9b9a-5d036de14ff6"...#
#2026 05 22 20:19:03.576#Z#DEBUG#935167e9-561a-11f1-95bd-eeee0a9c03bf.OPERATION#flowable-async-job-executor-thread-859#
[ExecuteTaskStep] Task execution status: running#
#2026 05 22 20:19:03.577#Z#DEBUG#935167e9-561a-11f1-95bd-eeee0a9c03bf.OPERATION#flowable-async-job-executor-thread-859#
[ExecuteTaskStep] Getting application guid "CAPM-html5-deployer"...#
#2026 05 22 20:19:03.710#Z#DEBUG#935167e9-561a-11f1-95bd-eeee0a9c03bf.OPERATION#flowable-async-job-executor-thread-859#
Step "Execute Task" finished#
#2026 05 22 20:19:13.484#Z#DEBUG#935167e9-561a-11f1-95bd-eeee0a9c03bf.OPERATION#flowable-async-job-executor-thread-1108#
[ExecuteTaskStep] Executing task "executeTaskTask" of process "a9c7fc21-561a-11f1-8aa5-eeee0a9b708c"...#
#2026 05 22 20:19:13.488#Z#DEBUG#935167e9-561a-11f1-95bd-eeee0a9c03bf.OPERATION#flowable-async-job-executor-thread-1108#
[ExecuteTaskStep] Application task execution timeout is default one: 43,200 seconds#
#2026 05 22 20:19:13.490#Z#DEBUG#935167e9-561a-11f1-95bd-eeee0a9c03bf.OPERATION#flowable-async-job-executor-thread-1108#
[ExecuteTaskStep] Getting task "cefebe42-f241-4930-9b9a-5d036de14ff6"...#
#2026 05 22 20:19:13.526#Z#DEBUG#935167e9-561a-11f1-95bd-eeee0a9c03bf.OPERATION#flowable-async-job-executor-thread-1108#
[ExecuteTaskStep] Task execution status: running#
#2026 05 22 20:19:13.527#Z#DEBUG#935167e9-561a-11f1-95bd-eeee0a9c03bf.OPERATION#flowable-async-job-executor-thread-1108#
[ExecuteTaskStep] Getting application guid "CAPM-html5-deployer"...#
#2026 05 22 20:19:13.646#Z#DEBUG#935167e9-561a-11f1-95bd-eeee0a9c03bf.OPERATION#flowable-async-job-executor-thread-1108#
Step "Execute Task" finished#
#2026 05 22 20:19:23.490#Z#DEBUG#935167e9-561a-11f1-95bd-eeee0a9c03bf.OPERATION#flowable-async-job-executor-thread-1110#
[ExecuteTaskStep] Executing task "executeTaskTask" of process "a9c7fc21-561a-11f1-8aa5-eeee0a9b708c"...#
#2026 05 22 20:19:23.493#Z#DEBUG#935167e9-561a-11f1-95bd-eeee0a9c03bf.OPERATION#flowable-async-job-executor-thread-1110#
[ExecuteTaskStep] Application task execution timeout is default one: 43,200 seconds#
#2026 05 22 20:19:23.495#Z#DEBUG#935167e9-561a-11f1-95bd-eeee0a9c03bf.OPERATION#flowable-async-job-executor-thread-1110#
[ExecuteTaskStep] Getting task "cefebe42-f241-4930-9b9a-5d036de14ff6"...#
#2026 05 22 20:19:23.536#Z#DEBUG#935167e9-561a-11f1-95bd-eeee0a9c03bf.OPERATION#flowable-async-job-executor-thread-1110#
[ExecuteTaskStep] Task execution status: running#
#2026 05 22 20:19:23.537#Z#DEBUG#935167e9-561a-11f1-95bd-eeee0a9c03bf.OPERATION#flowable-async-job-executor-thread-1110#
[ExecuteTaskStep] Getting application guid "CAPM-html5-deployer"...#
#2026 05 22 20:19:23.620#Z#DEBUG#935167e9-561a-11f1-95bd-eeee0a9c03bf.OPERATION#flowable-async-job-executor-thread-1110#
Step "Execute Task" finished#
#2026 05 22 20:19:33.497#Z#DEBUG#935167e9-561a-11f1-95bd-eeee0a9c03bf.OPERATION#flowable-async-job-executor-thread-1112#
[ExecuteTaskStep] Executing task "executeTaskTask" of process "a9c7fc21-561a-11f1-8aa5-eeee0a9b708c"...#
#2026 05 22 20:19:33.499#Z#DEBUG#935167e9-561a-11f1-95bd-eeee0a9c03bf.OPERATION#flowable-async-job-executor-thread-1112#
[ExecuteTaskStep] Application task execution timeout is default one: 43,200 seconds#
#2026 05 22 20:19:33.501#Z#DEBUG#935167e9-561a-11f1-95bd-eeee0a9c03bf.OPERATION#flowable-async-job-executor-thread-1112#
[ExecuteTaskStep] Getting task "cefebe42-f241-4930-9b9a-5d036de14ff6"...#
#2026 05 22 20:19:33.543#Z#DEBUG#935167e9-561a-11f1-95bd-eeee0a9c03bf.OPERATION#flowable-async-job-executor-thread-1112#
[ExecuteTaskStep] Task execution status: running#
#2026 05 22 20:19:33.544#Z#DEBUG#935167e9-561a-11f1-95bd-eeee0a9c03bf.OPERATION#flowable-async-job-executor-thread-1112#
[ExecuteTaskStep] Getting application guid "CAPM-html5-deployer"...#
#2026 05 22 20:19:33.615#Z#DEBUG#935167e9-561a-11f1-95bd-eeee0a9c03bf.OPERATION#flowable-async-job-executor-thread-1112#
Step "Execute Task" finished#
#2026 05 22 20:19:43.513#Z#DEBUG#935167e9-561a-11f1-95bd-eeee0a9c03bf.OPERATION#flowable-async-job-executor-thread-1114#
[ExecuteTaskStep] Executing task "executeTaskTask" of process "a9c7fc21-561a-11f1-8aa5-eeee0a9b708c"...#
#2026 05 22 20:19:43.518#Z#DEBUG#935167e9-561a-11f1-95bd-eeee0a9c03bf.OPERATION#flowable-async-job-executor-thread-1114#
[ExecuteTaskStep] Application task execution timeout is default one: 43,200 seconds#
#2026 05 22 20:19:43.519#Z#DEBUG#935167e9-561a-11f1-95bd-eeee0a9c03bf.OPERATION#flowable-async-job-executor-thread-1114#
[ExecuteTaskStep] Getting task "cefebe42-f241-4930-9b9a-5d036de14ff6"...#
#2026 05 22 20:19:43.584#Z#DEBUG#935167e9-561a-11f1-95bd-eeee0a9c03bf.OPERATION#flowable-async-job-executor-thread-1114#
[ExecuteTaskStep] Task execution status: running#
#2026 05 22 20:19:43.585#Z#DEBUG#935167e9-561a-11f1-95bd-eeee0a9c03bf.OPERATION#flowable-async-job-executor-thread-1114#
[ExecuteTaskStep] Getting application guid "CAPM-html5-deployer"...#
#2026 05 22 20:19:43.696#Z#DEBUG#935167e9-561a-11f1-95bd-eeee0a9c03bf.OPERATION#flowable-async-job-executor-thread-1114#
Step "Execute Task" finished#
#2026 05 22 20:19:53.517#Z#DEBUG#935167e9-561a-11f1-95bd-eeee0a9c03bf.OPERATION#flowable-async-job-executor-thread-1116#
[ExecuteTaskStep] Executing task "executeTaskTask" of process "a9c7fc21-561a-11f1-8aa5-eeee0a9b708c"...#
#2026 05 22 20:19:53.520#Z#DEBUG#935167e9-561a-11f1-95bd-eeee0a9c03bf.OPERATION#flowable-async-job-executor-thread-1116#
[ExecuteTaskStep] Application task execution timeout is default one: 43,200 seconds#
#2026 05 22 20:19:53.522#Z#DEBUG#935167e9-561a-11f1-95bd-eeee0a9c03bf.OPERATION#flowable-async-job-executor-thread-1116#
[ExecuteTaskStep] Getting task "cefebe42-f241-4930-9b9a-5d036de14ff6"...#
#2026 05 22 20:19:53.569#Z#DEBUG#935167e9-561a-11f1-95bd-eeee0a9c03bf.OPERATION#flowable-async-job-executor-thread-1116#
[ExecuteTaskStep] Task execution status: running#
#2026 05 22 20:19:53.570#Z#DEBUG#935167e9-561a-11f1-95bd-eeee0a9c03bf.OPERATION#flowable-async-job-executor-thread-1116#
[ExecuteTaskStep] Getting application guid "CAPM-html5-deployer"...#
#2026 05 22 20:19:53.655#Z#DEBUG#935167e9-561a-11f1-95bd-eeee0a9c03bf.OPERATION#flowable-async-job-executor-thread-1116#
Step "Execute Task" finished#
#2026 05 22 20:20:03.524#Z#DEBUG#935167e9-561a-11f1-95bd-eeee0a9c03bf.OPERATION#flowable-async-job-executor-thread-1118#
[ExecuteTaskStep] Executing task "executeTaskTask" of process "a9c7fc21-561a-11f1-8aa5-eeee0a9b708c"...#
#2026 05 22 20:20:03.527#Z#DEBUG#935167e9-561a-11f1-95bd-eeee0a9c03bf.OPERATION#flowable-async-job-executor-thread-1118#
[ExecuteTaskStep] Application task execution timeout is default one: 43,200 seconds#
#2026 05 22 20:20:03.529#Z#DEBUG#935167e9-561a-11f1-95bd-eeee0a9c03bf.OPERATION#flowable-async-job-executor-thread-1118#
[ExecuteTaskStep] Getting task "cefebe42-f241-4930-9b9a-5d036de14ff6"...#
#2026 05 22 20:20:03.568#Z#DEBUG#935167e9-561a-11f1-95bd-eeee0a9c03bf.OPERATION#flowable-async-job-executor-thread-1118#
[ExecuteTaskStep] Task execution status: running#
#2026 05 22 20:20:03.569#Z#DEBUG#935167e9-561a-11f1-95bd-eeee0a9c03bf.OPERATION#flowable-async-job-executor-thread-1118#
[ExecuteTaskStep] Getting application guid "CAPM-html5-deployer"...#
#2026 05 22 20:20:03.658#Z#DEBUG#935167e9-561a-11f1-95bd-eeee0a9c03bf.OPERATION#flowable-async-job-executor-thread-1118#
Step "Execute Task" finished#
#2026 05 22 20:20:13.554#Z#DEBUG#935167e9-561a-11f1-95bd-eeee0a9c03bf.OPERATION#flowable-async-job-executor-thread-1120#
[ExecuteTaskStep] Executing task "executeTaskTask" of process "a9c7fc21-561a-11f1-8aa5-eeee0a9b708c"...#
#2026 05 22 20:20:13.557#Z#DEBUG#935167e9-561a-11f1-95bd-eeee0a9c03bf.OPERATION#flowable-async-job-executor-thread-1120#
[ExecuteTaskStep] Application task execution timeout is default one: 43,200 seconds#
#2026 05 22 20:20:13.558#Z#DEBUG#935167e9-561a-11f1-95bd-eeee0a9c03bf.OPERATION#flowable-async-job-executor-thread-1120#
[ExecuteTaskStep] Getting task "cefebe42-f241-4930-9b9a-5d036de14ff6"...#
#2026 05 22 20:20:13.592#Z#DEBUG#935167e9-561a-11f1-95bd-eeee0a9c03bf.OPERATION#flowable-async-job-executor-thread-1120#
[ExecuteTaskStep] Task execution status: running#
#2026 05 22 20:20:13.593#Z#DEBUG#935167e9-561a-11f1-95bd-eeee0a9c03bf.OPERATION#flowable-async-job-executor-thread-1120#
[ExecuteTaskStep] Getting application guid "CAPM-html5-deployer"...#
#2026 05 22 20:20:13.684#Z#DEBUG#935167e9-561a-11f1-95bd-eeee0a9c03bf.OPERATION#flowable-async-job-executor-thread-1120#
Step "Execute Task" finished#
#2026 05 22 20:20:23.546#Z#DEBUG#935167e9-561a-11f1-95bd-eeee0a9c03bf.OPERATION#flowable-async-job-executor-thread-1122#
[ExecuteTaskStep] Executing task "executeTaskTask" of process "a9c7fc21-561a-11f1-8aa5-eeee0a9b708c"...#
#2026 05 22 20:20:23.549#Z#DEBUG#935167e9-561a-11f1-95bd-eeee0a9c03bf.OPERATION#flowable-async-job-executor-thread-1122#
[ExecuteTaskStep] Application task execution timeout is default one: 43,200 seconds#
#2026 05 22 20:20:23.551#Z#DEBUG#935167e9-561a-11f1-95bd-eeee0a9c03bf.OPERATION#flowable-async-job-executor-thread-1122#
[ExecuteTaskStep] Getting task "cefebe42-f241-4930-9b9a-5d036de14ff6"...#
#2026 05 22 20:20:23.590#Z#DEBUG#935167e9-561a-11f1-95bd-eeee0a9c03bf.OPERATION#flowable-async-job-executor-thread-1122#
[ExecuteTaskStep] Task execution status: running#
#2026 05 22 20:20:23.591#Z#DEBUG#935167e9-561a-11f1-95bd-eeee0a9c03bf.OPERATION#flowable-async-job-executor-thread-1122#
[ExecuteTaskStep] Getting application guid "CAPM-html5-deployer"...#
#2026 05 22 20:20:23.665#Z#DEBUG#935167e9-561a-11f1-95bd-eeee0a9c03bf.OPERATION#flowable-async-job-executor-thread-1122#
Step "Execute Task" finished#
#2026 05 22 20:20:33.562#Z#DEBUG#935167e9-561a-11f1-95bd-eeee0a9c03bf.OPERATION#flowable-async-job-executor-thread-1124#
[ExecuteTaskStep] Executing task "executeTaskTask" of process "a9c7fc21-561a-11f1-8aa5-eeee0a9b708c"...#
#2026 05 22 20:20:33.564#Z#DEBUG#935167e9-561a-11f1-95bd-eeee0a9c03bf.OPERATION#flowable-async-job-executor-thread-1124#
[ExecuteTaskStep] Application task execution timeout is default one: 43,200 seconds#
#2026 05 22 20:20:33.566#Z#DEBUG#935167e9-561a-11f1-95bd-eeee0a9c03bf.OPERATION#flowable-async-job-executor-thread-1124#
[ExecuteTaskStep] Getting task "cefebe42-f241-4930-9b9a-5d036de14ff6"...#
#2026 05 22 20:20:33.608#Z#DEBUG#935167e9-561a-11f1-95bd-eeee0a9c03bf.OPERATION#flowable-async-job-executor-thread-1124#
[ExecuteTaskStep] Task execution status: running#
#2026 05 22 20:20:33.609#Z#DEBUG#935167e9-561a-11f1-95bd-eeee0a9c03bf.OPERATION#flowable-async-job-executor-thread-1124#
[ExecuteTaskStep] Getting application guid "CAPM-html5-deployer"...#
#2026 05 22 20:20:33.682#Z#DEBUG#935167e9-561a-11f1-95bd-eeee0a9c03bf.OPERATION#flowable-async-job-executor-thread-1124#
Step "Execute Task" finished#
#2026 05 22 20:20:43.587#Z#DEBUG#935167e9-561a-11f1-95bd-eeee0a9c03bf.OPERATION#flowable-async-job-executor-thread-1126#
[ExecuteTaskStep] Executing task "executeTaskTask" of process "a9c7fc21-561a-11f1-8aa5-eeee0a9b708c"...#
#2026 05 22 20:20:43.592#Z#DEBUG#935167e9-561a-11f1-95bd-eeee0a9c03bf.OPERATION#flowable-async-job-executor-thread-1126#
[ExecuteTaskStep] Application task execution timeout is default one: 43,200 seconds#
#2026 05 22 20:20:43.594#Z#DEBUG#935167e9-561a-11f1-95bd-eeee0a9c03bf.OPERATION#flowable-async-job-executor-thread-1126#
[ExecuteTaskStep] Getting task "cefebe42-f241-4930-9b9a-5d036de14ff6"...#
#2026 05 22 20:20:43.631#Z#DEBUG#935167e9-561a-11f1-95bd-eeee0a9c03bf.OPERATION#flowable-async-job-executor-thread-1126#
[ExecuteTaskStep] Task execution status: running#
#2026 05 22 20:20:43.632#Z#DEBUG#935167e9-561a-11f1-95bd-eeee0a9c03bf.OPERATION#flowable-async-job-executor-thread-1126#
[ExecuteTaskStep] Getting application guid "CAPM-html5-deployer"...#
#2026 05 22 20:20:43.720#Z#DEBUG#935167e9-561a-11f1-95bd-eeee0a9c03bf.OPERATION#flowable-async-job-executor-thread-1126#
Step "Execute Task" finished#
#2026 05 22 20:20:53.588#Z#DEBUG#935167e9-561a-11f1-95bd-eeee0a9c03bf.OPERATION#flowable-async-job-executor-thread-1128#
[ExecuteTaskStep] Executing task "executeTaskTask" of process "a9c7fc21-561a-11f1-8aa5-eeee0a9b708c"...#
#2026 05 22 20:20:53.591#Z#DEBUG#935167e9-561a-11f1-95bd-eeee0a9c03bf.OPERATION#flowable-async-job-executor-thread-1128#
[ExecuteTaskStep] Application task execution timeout is default one: 43,200 seconds#
#2026 05 22 20:20:53.593#Z#DEBUG#935167e9-561a-11f1-95bd-eeee0a9c03bf.OPERATION#flowable-async-job-executor-thread-1128#
[ExecuteTaskStep] Getting task "cefebe42-f241-4930-9b9a-5d036de14ff6"...#
#2026 05 22 20:20:53.627#Z#DEBUG#935167e9-561a-11f1-95bd-eeee0a9c03bf.OPERATION#flowable-async-job-executor-thread-1128#
[ExecuteTaskStep] Task execution status: running#
#2026 05 22 20:20:53.628#Z#DEBUG#935167e9-561a-11f1-95bd-eeee0a9c03bf.OPERATION#flowable-async-job-executor-thread-1128#
[ExecuteTaskStep] Getting application guid "CAPM-html5-deployer"...#
#2026 05 22 20:20:53.764#Z#DEBUG#935167e9-561a-11f1-95bd-eeee0a9c03bf.OPERATION#flowable-async-job-executor-thread-1128#
Step "Execute Task" finished#
#2026 05 22 20:21:03.595#Z#DEBUG#935167e9-561a-11f1-95bd-eeee0a9c03bf.OPERATION#flowable-async-job-executor-thread-1130#
[ExecuteTaskStep] Executing task "executeTaskTask" of process "a9c7fc21-561a-11f1-8aa5-eeee0a9b708c"...#
#2026 05 22 20:21:03.599#Z#DEBUG#935167e9-561a-11f1-95bd-eeee0a9c03bf.OPERATION#flowable-async-job-executor-thread-1130#
[ExecuteTaskStep] Application task execution timeout is default one: 43,200 seconds#
#2026 05 22 20:21:03.601#Z#DEBUG#935167e9-561a-11f1-95bd-eeee0a9c03bf.OPERATION#flowable-async-job-executor-thread-1130#
[ExecuteTaskStep] Getting task "cefebe42-f241-4930-9b9a-5d036de14ff6"...#
#2026 05 22 20:21:03.649#Z#DEBUG#935167e9-561a-11f1-95bd-eeee0a9c03bf.OPERATION#flowable-async-job-executor-thread-1130#
[ExecuteTaskStep] Task execution status: running#
#2026 05 22 20:21:03.650#Z#DEBUG#935167e9-561a-11f1-95bd-eeee0a9c03bf.OPERATION#flowable-async-job-executor-thread-1130#
[ExecuteTaskStep] Getting application guid "CAPM-html5-deployer"...#
#2026 05 22 20:21:03.740#Z#DEBUG#935167e9-561a-11f1-95bd-eeee0a9c03bf.OPERATION#flowable-async-job-executor-thread-1130#
Step "Execute Task" finished#
#2026 05 22 20:21:13.631#Z#DEBUG#935167e9-561a-11f1-95bd-eeee0a9c03bf.OPERATION#flowable-async-job-executor-thread-1132#
[ExecuteTaskStep] Executing task "executeTaskTask" of process "a9c7fc21-561a-11f1-8aa5-eeee0a9b708c"...#
#2026 05 22 20:21:13.635#Z#DEBUG#935167e9-561a-11f1-95bd-eeee0a9c03bf.OPERATION#flowable-async-job-executor-thread-1132#
[ExecuteTaskStep] Application task execution timeout is default one: 43,200 seconds#
#2026 05 22 20:21:13.636#Z#DEBUG#935167e9-561a-11f1-95bd-eeee0a9c03bf.OPERATION#flowable-async-job-executor-thread-1132#
[ExecuteTaskStep] Getting task "cefebe42-f241-4930-9b9a-5d036de14ff6"...#
#2026 05 22 20:21:13.677#Z#DEBUG#935167e9-561a-11f1-95bd-eeee0a9c03bf.OPERATION#flowable-async-job-executor-thread-1132#
[ExecuteTaskStep] Task execution status: running#
#2026 05 22 20:21:13.678#Z#DEBUG#935167e9-561a-11f1-95bd-eeee0a9c03bf.OPERATION#flowable-async-job-executor-thread-1132#
[ExecuteTaskStep] Getting application guid "CAPM-html5-deployer"...#
#2026 05 22 20:21:13.817#Z#DEBUG#935167e9-561a-11f1-95bd-eeee0a9c03bf.OPERATION#flowable-async-job-executor-thread-1132#
Step "Execute Task" finished#
#2026 05 22 20:21:23.623#Z#DEBUG#935167e9-561a-11f1-95bd-eeee0a9c03bf.OPERATION#flowable-async-job-executor-thread-1134#
[ExecuteTaskStep] Executing task "executeTaskTask" of process "a9c7fc21-561a-11f1-8aa5-eeee0a9b708c"...#
#2026 05 22 20:21:23.626#Z#DEBUG#935167e9-561a-11f1-95bd-eeee0a9c03bf.OPERATION#flowable-async-job-executor-thread-1134#
[ExecuteTaskStep] Application task execution timeout is default one: 43,200 seconds#
#2026 05 22 20:21:23.628#Z#DEBUG#935167e9-561a-11f1-95bd-eeee0a9c03bf.OPERATION#flowable-async-job-executor-thread-1134#
[ExecuteTaskStep] Getting task "cefebe42-f241-4930-9b9a-5d036de14ff6"...#
#2026 05 22 20:21:23.671#Z#DEBUG#935167e9-561a-11f1-95bd-eeee0a9c03bf.OPERATION#flowable-async-job-executor-thread-1134#
[ExecuteTaskStep] Task execution status: running#
#2026 05 22 20:21:23.672#Z#DEBUG#935167e9-561a-11f1-95bd-eeee0a9c03bf.OPERATION#flowable-async-job-executor-thread-1134#
[ExecuteTaskStep] Getting application guid "CAPM-html5-deployer"...#
#2026 05 22 20:21:23.799#Z#DEBUG#935167e9-561a-11f1-95bd-eeee0a9c03bf.OPERATION#flowable-async-job-executor-thread-1134#
Step "Execute Task" finished#
#2026 05 22 20:21:33.637#Z#DEBUG#935167e9-561a-11f1-95bd-eeee0a9c03bf.OPERATION#flowable-async-job-executor-thread-1136#
[ExecuteTaskStep] Executing task "executeTaskTask" of process "a9c7fc21-561a-11f1-8aa5-eeee0a9b708c"...#
#2026 05 22 20:21:33.640#Z#DEBUG#935167e9-561a-11f1-95bd-eeee0a9c03bf.OPERATION#flowable-async-job-executor-thread-1136#
[ExecuteTaskStep] Application task execution timeout is default one: 43,200 seconds#
#2026 05 22 20:21:33.642#Z#DEBUG#935167e9-561a-11f1-95bd-eeee0a9c03bf.OPERATION#flowable-async-job-executor-thread-1136#
[ExecuteTaskStep] Getting task "cefebe42-f241-4930-9b9a-5d036de14ff6"...#
#2026 05 22 20:21:33.684#Z#DEBUG#935167e9-561a-11f1-95bd-eeee0a9c03bf.OPERATION#flowable-async-job-executor-thread-1136#
[ExecuteTaskStep] Task execution status: running#
#2026 05 22 20:21:33.685#Z#DEBUG#935167e9-561a-11f1-95bd-eeee0a9c03bf.OPERATION#flowable-async-job-executor-thread-1136#
[ExecuteTaskStep] Getting application guid "CAPM-html5-deployer"...#
#2026 05 22 20:21:33.794#Z#DEBUG#935167e9-561a-11f1-95bd-eeee0a9c03bf.OPERATION#flowable-async-job-executor-thread-1136#
Step "Execute Task" finished#
#2026 05 22 20:21:43.655#Z#DEBUG#935167e9-561a-11f1-95bd-eeee0a9c03bf.OPERATION#flowable-async-job-executor-thread-1138#
[ExecuteTaskStep] Executing task "executeTaskTask" of process "a9c7fc21-561a-11f1-8aa5-eeee0a9b708c"...#
#2026 05 22 20:21:43.658#Z#DEBUG#935167e9-561a-11f1-95bd-eeee0a9c03bf.OPERATION#flowable-async-job-executor-thread-1138#
[ExecuteTaskStep] Application task execution timeout is default one: 43,200 seconds#
#2026 05 22 20:21:43.659#Z#DEBUG#935167e9-561a-11f1-95bd-eeee0a9c03bf.OPERATION#flowable-async-job-executor-thread-1138#
[ExecuteTaskStep] Getting task "cefebe42-f241-4930-9b9a-5d036de14ff6"...#
#2026 05 22 20:21:43.717#Z#DEBUG#935167e9-561a-11f1-95bd-eeee0a9c03bf.OPERATION#flowable-async-job-executor-thread-1138#
[ExecuteTaskStep] Task execution status: running#
#2026 05 22 20:21:43.718#Z#DEBUG#935167e9-561a-11f1-95bd-eeee0a9c03bf.OPERATION#flowable-async-job-executor-thread-1138#
[ExecuteTaskStep] Getting application guid "CAPM-html5-deployer"...#
#2026 05 22 20:21:43.793#Z#DEBUG#935167e9-561a-11f1-95bd-eeee0a9c03bf.OPERATION#flowable-async-job-executor-thread-1138#
Step "Execute Task" finished#
#2026 05 22 20:21:53.663#Z#DEBUG#935167e9-561a-11f1-95bd-eeee0a9c03bf.OPERATION#flowable-async-job-executor-thread-1140#
[ExecuteTaskStep] Executing task "executeTaskTask" of process "a9c7fc21-561a-11f1-8aa5-eeee0a9b708c"...#
#2026 05 22 20:21:53.665#Z#DEBUG#935167e9-561a-11f1-95bd-eeee0a9c03bf.OPERATION#flowable-async-job-executor-thread-1140#
[ExecuteTaskStep] Application task execution timeout is default one: 43,200 seconds#
#2026 05 22 20:21:53.667#Z#DEBUG#935167e9-561a-11f1-95bd-eeee0a9c03bf.OPERATION#flowable-async-job-executor-thread-1140#
[ExecuteTaskStep] Getting task "cefebe42-f241-4930-9b9a-5d036de14ff6"...#
#2026 05 22 20:21:53.706#Z#DEBUG#935167e9-561a-11f1-95bd-eeee0a9c03bf.OPERATION#flowable-async-job-executor-thread-1140#
[ExecuteTaskStep] Task execution status: running#
#2026 05 22 20:21:53.707#Z#DEBUG#935167e9-561a-11f1-95bd-eeee0a9c03bf.OPERATION#flowable-async-job-executor-thread-1140#
[ExecuteTaskStep] Getting application guid "CAPM-html5-deployer"...#
#2026 05 22 20:21:53.786#Z#DEBUG#935167e9-561a-11f1-95bd-eeee0a9c03bf.OPERATION#flowable-async-job-executor-thread-1140#
Step "Execute Task" finished#
#2026 05 22 20:22:03.675#Z#DEBUG#935167e9-561a-11f1-95bd-eeee0a9c03bf.OPERATION#flowable-async-job-executor-thread-1142#
[ExecuteTaskStep] Executing task "executeTaskTask" of process "a9c7fc21-561a-11f1-8aa5-eeee0a9b708c"...#
#2026 05 22 20:22:03.678#Z#DEBUG#935167e9-561a-11f1-95bd-eeee0a9c03bf.OPERATION#flowable-async-job-executor-thread-1142#
[ExecuteTaskStep] Application task execution timeout is default one: 43,200 seconds#
#2026 05 22 20:22:03.679#Z#DEBUG#935167e9-561a-11f1-95bd-eeee0a9c03bf.OPERATION#flowable-async-job-executor-thread-1142#
[ExecuteTaskStep] Getting task "cefebe42-f241-4930-9b9a-5d036de14ff6"...#
#2026 05 22 20:22:03.730#Z#DEBUG#935167e9-561a-11f1-95bd-eeee0a9c03bf.OPERATION#flowable-async-job-executor-thread-1142#
[ExecuteTaskStep] Task execution status: running#
#2026 05 22 20:22:03.731#Z#DEBUG#935167e9-561a-11f1-95bd-eeee0a9c03bf.OPERATION#flowable-async-job-executor-thread-1142#
[ExecuteTaskStep] Getting application guid "CAPM-html5-deployer"...#
#2026 05 22 20:22:03.811#Z#DEBUG#935167e9-561a-11f1-95bd-eeee0a9c03bf.OPERATION#flowable-async-job-executor-thread-1142#
Step "Execute Task" finished#
#2026 05 22 20:22:13.708#Z#DEBUG#935167e9-561a-11f1-95bd-eeee0a9c03bf.OPERATION#flowable-async-job-executor-thread-1144#
[ExecuteTaskStep] Executing task "executeTaskTask" of process "a9c7fc21-561a-11f1-8aa5-eeee0a9b708c"...#
#2026 05 22 20:22:13.710#Z#DEBUG#935167e9-561a-11f1-95bd-eeee0a9c03bf.OPERATION#flowable-async-job-executor-thread-1144#
[ExecuteTaskStep] Application task execution timeout is default one: 43,200 seconds#
#2026 05 22 20:22:13.712#Z#DEBUG#935167e9-561a-11f1-95bd-eeee0a9c03bf.OPERATION#flowable-async-job-executor-thread-1144#
[ExecuteTaskStep] Getting task "cefebe42-f241-4930-9b9a-5d036de14ff6"...#
#2026 05 22 20:22:13.778#Z#DEBUG#935167e9-561a-11f1-95bd-eeee0a9c03bf.OPERATION#flowable-async-job-executor-thread-1144#
[ExecuteTaskStep] Task execution status: running#
#2026 05 22 20:22:13.779#Z#DEBUG#935167e9-561a-11f1-95bd-eeee0a9c03bf.OPERATION#flowable-async-job-executor-thread-1144#
[ExecuteTaskStep] Getting application guid "CAPM-html5-deployer"...#
#2026 05 22 20:22:13.847#Z#DEBUG#935167e9-561a-11f1-95bd-eeee0a9c03bf.OPERATION#flowable-async-job-executor-thread-1144#
Step "Execute Task" finished#
#2026 05 22 20:22:23.715#Z#DEBUG#935167e9-561a-11f1-95bd-eeee0a9c03bf.OPERATION#flowable-async-job-executor-thread-1146#
[ExecuteTaskStep] Executing task "executeTaskTask" of process "a9c7fc21-561a-11f1-8aa5-eeee0a9b708c"...#
#2026 05 22 20:22:23.718#Z#DEBUG#935167e9-561a-11f1-95bd-eeee0a9c03bf.OPERATION#flowable-async-job-executor-thread-1146#
[ExecuteTaskStep] Application task execution timeout is default one: 43,200 seconds#
#2026 05 22 20:22:23.720#Z#DEBUG#935167e9-561a-11f1-95bd-eeee0a9c03bf.OPERATION#flowable-async-job-executor-thread-1146#
[ExecuteTaskStep] Getting task "cefebe42-f241-4930-9b9a-5d036de14ff6"...#
#2026 05 22 20:22:23.755#Z#DEBUG#935167e9-561a-11f1-95bd-eeee0a9c03bf.OPERATION#flowable-async-job-executor-thread-1146#
[ExecuteTaskStep] Task execution status: running#
#2026 05 22 20:22:23.756#Z#DEBUG#935167e9-561a-11f1-95bd-eeee0a9c03bf.OPERATION#flowable-async-job-executor-thread-1146#
[ExecuteTaskStep] Getting application guid "CAPM-html5-deployer"...#
#2026 05 22 20:22:23.853#Z#DEBUG#935167e9-561a-11f1-95bd-eeee0a9c03bf.OPERATION#flowable-async-job-executor-thread-1146#
Step "Execute Task" finished#
#2026 05 22 20:22:33.727#Z#DEBUG#935167e9-561a-11f1-95bd-eeee0a9c03bf.OPERATION#flowable-async-job-executor-thread-1148#
[ExecuteTaskStep] Executing task "executeTaskTask" of process "a9c7fc21-561a-11f1-8aa5-eeee0a9b708c"...#
#2026 05 22 20:22:33.729#Z#DEBUG#935167e9-561a-11f1-95bd-eeee0a9c03bf.OPERATION#flowable-async-job-executor-thread-1148#
[ExecuteTaskStep] Application task execution timeout is default one: 43,200 seconds#
#2026 05 22 20:22:33.731#Z#DEBUG#935167e9-561a-11f1-95bd-eeee0a9c03bf.OPERATION#flowable-async-job-executor-thread-1148#
[ExecuteTaskStep] Getting task "cefebe42-f241-4930-9b9a-5d036de14ff6"...#
#2026 05 22 20:22:33.768#Z#DEBUG#935167e9-561a-11f1-95bd-eeee0a9c03bf.OPERATION#flowable-async-job-executor-thread-1148#
[ExecuteTaskStep] Task execution status: running#
#2026 05 22 20:22:33.769#Z#DEBUG#935167e9-561a-11f1-95bd-eeee0a9c03bf.OPERATION#flowable-async-job-executor-thread-1148#
[ExecuteTaskStep] Getting application guid "CAPM-html5-deployer"...#
#2026 05 22 20:22:33.838#Z#DEBUG#935167e9-561a-11f1-95bd-eeee0a9c03bf.OPERATION#flowable-async-job-executor-thread-1148#
Step "Execute Task" finished#
#2026 05 22 20:22:43.737#Z#DEBUG#935167e9-561a-11f1-95bd-eeee0a9c03bf.OPERATION#flowable-async-job-executor-thread-1150#
[ExecuteTaskStep] Executing task "executeTaskTask" of process "a9c7fc21-561a-11f1-8aa5-eeee0a9b708c"...#
#2026 05 22 20:22:43.739#Z#DEBUG#935167e9-561a-11f1-95bd-eeee0a9c03bf.OPERATION#flowable-async-job-executor-thread-1150#
[ExecuteTaskStep] Application task execution timeout is default one: 43,200 seconds#
#2026 05 22 20:22:43.741#Z#DEBUG#935167e9-561a-11f1-95bd-eeee0a9c03bf.OPERATION#flowable-async-job-executor-thread-1150#
[ExecuteTaskStep] Getting task "cefebe42-f241-4930-9b9a-5d036de14ff6"...#
#2026 05 22 20:22:43.775#Z#DEBUG#935167e9-561a-11f1-95bd-eeee0a9c03bf.OPERATION#flowable-async-job-executor-thread-1150#
[ExecuteTaskStep] Task execution status: running#
#2026 05 22 20:22:43.777#Z#DEBUG#935167e9-561a-11f1-95bd-eeee0a9c03bf.OPERATION#flowable-async-job-executor-thread-1150#
[ExecuteTaskStep] Getting application guid "CAPM-html5-deployer"...#
#2026 05 22 20:22:43.902#Z#DEBUG#935167e9-561a-11f1-95bd-eeee0a9c03bf.OPERATION#flowable-async-job-executor-thread-1150#
Step "Execute Task" finished#
#2026 05 22 20:22:53.749#Z#DEBUG#935167e9-561a-11f1-95bd-eeee0a9c03bf.OPERATION#flowable-async-job-executor-thread-1158#
[ExecuteTaskStep] Executing task "executeTaskTask" of process "a9c7fc21-561a-11f1-8aa5-eeee0a9b708c"...#
#2026 05 22 20:22:53.752#Z#DEBUG#935167e9-561a-11f1-95bd-eeee0a9c03bf.OPERATION#flowable-async-job-executor-thread-1158#
[ExecuteTaskStep] Application task execution timeout is default one: 43,200 seconds#
#2026 05 22 20:22:53.753#Z#DEBUG#935167e9-561a-11f1-95bd-eeee0a9c03bf.OPERATION#flowable-async-job-executor-thread-1158#
[ExecuteTaskStep] Getting task "cefebe42-f241-4930-9b9a-5d036de14ff6"...#
#2026 05 22 20:22:53.809#Z#DEBUG#935167e9-561a-11f1-95bd-eeee0a9c03bf.OPERATION#flowable-async-job-executor-thread-1158#
[ExecuteTaskStep] Task execution status: running#
#2026 05 22 20:22:53.811#Z#DEBUG#935167e9-561a-11f1-95bd-eeee0a9c03bf.OPERATION#flowable-async-job-executor-thread-1158#
[ExecuteTaskStep] Getting application guid "CAPM-html5-deployer"...#
#2026 05 22 20:22:53.882#Z#DEBUG#935167e9-561a-11f1-95bd-eeee0a9c03bf.OPERATION#flowable-async-job-executor-thread-1158#
Step "Execute Task" finished#
#2026 05 22 20:23:03.768#Z#DEBUG#935167e9-561a-11f1-95bd-eeee0a9c03bf.OPERATION#flowable-async-job-executor-thread-1163#
[ExecuteTaskStep] Executing task "executeTaskTask" of process "a9c7fc21-561a-11f1-8aa5-eeee0a9b708c"...#
#2026 05 22 20:23:03.771#Z#DEBUG#935167e9-561a-11f1-95bd-eeee0a9c03bf.OPERATION#flowable-async-job-executor-thread-1163#
[ExecuteTaskStep] Application task execution timeout is default one: 43,200 seconds#
#2026 05 22 20:23:03.773#Z#DEBUG#935167e9-561a-11f1-95bd-eeee0a9c03bf.OPERATION#flowable-async-job-executor-thread-1163#
[ExecuteTaskStep] Getting task "cefebe42-f241-4930-9b9a-5d036de14ff6"...#
#2026 05 22 20:23:03.815#Z#DEBUG#935167e9-561a-11f1-95bd-eeee0a9c03bf.OPERATION#flowable-async-job-executor-thread-1163#
[ExecuteTaskStep] Task execution status: running#
#2026 05 22 20:23:03.816#Z#DEBUG#935167e9-561a-11f1-95bd-eeee0a9c03bf.OPERATION#flowable-async-job-executor-thread-1163#
[ExecuteTaskStep] Getting application guid "CAPM-html5-deployer"...#
#2026 05 22 20:23:03.923#Z#DEBUG#935167e9-561a-11f1-95bd-eeee0a9c03bf.OPERATION#flowable-async-job-executor-thread-1163#
Step "Execute Task" finished#
#2026 05 22 20:23:13.786#Z#DEBUG#935167e9-561a-11f1-95bd-eeee0a9c03bf.OPERATION#flowable-async-job-executor-thread-1170#
[ExecuteTaskStep] Executing task "executeTaskTask" of process "a9c7fc21-561a-11f1-8aa5-eeee0a9b708c"...#
#2026 05 22 20:23:13.789#Z#DEBUG#935167e9-561a-11f1-95bd-eeee0a9c03bf.OPERATION#flowable-async-job-executor-thread-1170#
[ExecuteTaskStep] Application task execution timeout is default one: 43,200 seconds#
#2026 05 22 20:23:13.791#Z#DEBUG#935167e9-561a-11f1-95bd-eeee0a9c03bf.OPERATION#flowable-async-job-executor-thread-1170#
[ExecuteTaskStep] Getting task "cefebe42-f241-4930-9b9a-5d036de14ff6"...#
#2026 05 22 20:23:13.830#Z#DEBUG#935167e9-561a-11f1-95bd-eeee0a9c03bf.OPERATION#flowable-async-job-executor-thread-1170#
[ExecuteTaskStep] Task execution status: running#
#2026 05 22 20:23:13.831#Z#DEBUG#935167e9-561a-11f1-95bd-eeee0a9c03bf.OPERATION#flowable-async-job-executor-thread-1170#
[ExecuteTaskStep] Getting application guid "CAPM-html5-deployer"...#
#2026 05 22 20:23:13.904#Z#DEBUG#935167e9-561a-11f1-95bd-eeee0a9c03bf.OPERATION#flowable-async-job-executor-thread-1170#
Step "Execute Task" finished#
#2026 05 22 20:23:23.803#Z#DEBUG#935167e9-561a-11f1-95bd-eeee0a9c03bf.OPERATION#flowable-async-job-executor-thread-1175#
[ExecuteTaskStep] Executing task "executeTaskTask" of process "a9c7fc21-561a-11f1-8aa5-eeee0a9b708c"...#
#2026 05 22 20:23:23.806#Z#DEBUG#935167e9-561a-11f1-95bd-eeee0a9c03bf.OPERATION#flowable-async-job-executor-thread-1175#
[ExecuteTaskStep] Application task execution timeout is default one: 43,200 seconds#
#2026 05 22 20:23:23.808#Z#DEBUG#935167e9-561a-11f1-95bd-eeee0a9c03bf.OPERATION#flowable-async-job-executor-thread-1175#
[ExecuteTaskStep] Getting task "cefebe42-f241-4930-9b9a-5d036de14ff6"...#
#2026 05 22 20:23:23.846#Z#DEBUG#935167e9-561a-11f1-95bd-eeee0a9c03bf.OPERATION#flowable-async-job-executor-thread-1175#
[ExecuteTaskStep] Task execution status: running#
#2026 05 22 20:23:23.847#Z#DEBUG#935167e9-561a-11f1-95bd-eeee0a9c03bf.OPERATION#flowable-async-job-executor-thread-1175#
[ExecuteTaskStep] Getting application guid "CAPM-html5-deployer"...#
#2026 05 22 20:23:23.959#Z#INFO#935167e9-561a-11f1-95bd-eeee0a9c03bf.OPERATION#flowable-async-job-executor-thread-1175#
[ExecuteTaskStep] Task "deploy-html5-content" on application "CAPM-html5-deployer" is still "running"#
#2026 05 22 20:23:23.973#Z#DEBUG#935167e9-561a-11f1-95bd-eeee0a9c03bf.OPERATION#flowable-async-job-executor-thread-1175#
Step "Execute Task" finished#
#2026 05 22 20:23:33.820#Z#DEBUG#935167e9-561a-11f1-95bd-eeee0a9c03bf.OPERATION#flowable-async-job-executor-thread-1179#
[ExecuteTaskStep] Executing task "executeTaskTask" of process "a9c7fc21-561a-11f1-8aa5-eeee0a9b708c"...#
#2026 05 22 20:23:33.823#Z#DEBUG#935167e9-561a-11f1-95bd-eeee0a9c03bf.OPERATION#flowable-async-job-executor-thread-1179#
[ExecuteTaskStep] Application task execution timeout is default one: 43,200 seconds#
#2026 05 22 20:23:33.824#Z#DEBUG#935167e9-561a-11f1-95bd-eeee0a9c03bf.OPERATION#flowable-async-job-executor-thread-1179#
[ExecuteTaskStep] Getting task "cefebe42-f241-4930-9b9a-5d036de14ff6"...#
#2026 05 22 20:23:33.881#Z#DEBUG#935167e9-561a-11f1-95bd-eeee0a9c03bf.OPERATION#flowable-async-job-executor-thread-1179#
[ExecuteTaskStep] Task execution status: running#
#2026 05 22 20:23:33.882#Z#DEBUG#935167e9-561a-11f1-95bd-eeee0a9c03bf.OPERATION#flowable-async-job-executor-thread-1179#
[ExecuteTaskStep] Getting application guid "CAPM-html5-deployer"...#
#2026 05 22 20:23:33.973#Z#DEBUG#935167e9-561a-11f1-95bd-eeee0a9c03bf.OPERATION#flowable-async-job-executor-thread-1179#
Step "Execute Task" finished#
#2026 05 22 20:23:43.837#Z#DEBUG#935167e9-561a-11f1-95bd-eeee0a9c03bf.OPERATION#flowable-async-job-executor-thread-1186#
[ExecuteTaskStep] Executing task "executeTaskTask" of process "a9c7fc21-561a-11f1-8aa5-eeee0a9b708c"...#
#2026 05 22 20:23:43.840#Z#DEBUG#935167e9-561a-11f1-95bd-eeee0a9c03bf.OPERATION#flowable-async-job-executor-thread-1186#
[ExecuteTaskStep] Application task execution timeout is default one: 43,200 seconds#
#2026 05 22 20:23:43.842#Z#DEBUG#935167e9-561a-11f1-95bd-eeee0a9c03bf.OPERATION#flowable-async-job-executor-thread-1186#
[ExecuteTaskStep] Getting task "cefebe42-f241-4930-9b9a-5d036de14ff6"...#
#2026 05 22 20:23:43.894#Z#DEBUG#935167e9-561a-11f1-95bd-eeee0a9c03bf.OPERATION#flowable-async-job-executor-thread-1186#
[ExecuteTaskStep] Task execution status: running#
#2026 05 22 20:23:43.895#Z#DEBUG#935167e9-561a-11f1-95bd-eeee0a9c03bf.OPERATION#flowable-async-job-executor-thread-1186#
[ExecuteTaskStep] Getting application guid "CAPM-html5-deployer"...#
#2026 05 22 20:23:43.959#Z#DEBUG#935167e9-561a-11f1-95bd-eeee0a9c03bf.OPERATION#flowable-async-job-executor-thread-1186#
Step "Execute Task" finished#
#2026 05 22 20:23:53.860#Z#DEBUG#935167e9-561a-11f1-95bd-eeee0a9c03bf.OPERATION#flowable-async-job-executor-thread-1191#
[ExecuteTaskStep] Executing task "executeTaskTask" of process "a9c7fc21-561a-11f1-8aa5-eeee0a9b708c"...#
#2026 05 22 20:23:53.863#Z#DEBUG#935167e9-561a-11f1-95bd-eeee0a9c03bf.OPERATION#flowable-async-job-executor-thread-1191#
[ExecuteTaskStep] Application task execution timeout is default one: 43,200 seconds#
#2026 05 22 20:23:53.865#Z#DEBUG#935167e9-561a-11f1-95bd-eeee0a9c03bf.OPERATION#flowable-async-job-executor-thread-1191#
[ExecuteTaskStep] Getting task "cefebe42-f241-4930-9b9a-5d036de14ff6"...#
#2026 05 22 20:23:53.908#Z#DEBUG#935167e9-561a-11f1-95bd-eeee0a9c03bf.OPERATION#flowable-async-job-executor-thread-1191#
[ExecuteTaskStep] Task execution status: running#
#2026 05 22 20:23:53.909#Z#DEBUG#935167e9-561a-11f1-95bd-eeee0a9c03bf.OPERATION#flowable-async-job-executor-thread-1191#
[ExecuteTaskStep] Getting application guid "CAPM-html5-deployer"...#
#2026 05 22 20:23:53.983#Z#DEBUG#935167e9-561a-11f1-95bd-eeee0a9c03bf.OPERATION#flowable-async-job-executor-thread-1191#
Step "Execute Task" finished#
#2026 05 22 20:24:03.870#Z#DEBUG#935167e9-561a-11f1-95bd-eeee0a9c03bf.OPERATION#flowable-async-job-executor-thread-1198#
[ExecuteTaskStep] Executing task "executeTaskTask" of process "a9c7fc21-561a-11f1-8aa5-eeee0a9b708c"...#
#2026 05 22 20:24:03.873#Z#DEBUG#935167e9-561a-11f1-95bd-eeee0a9c03bf.OPERATION#flowable-async-job-executor-thread-1198#
[ExecuteTaskStep] Application task execution timeout is default one: 43,200 seconds#
#2026 05 22 20:24:03.875#Z#DEBUG#935167e9-561a-11f1-95bd-eeee0a9c03bf.OPERATION#flowable-async-job-executor-thread-1198#
[ExecuteTaskStep] Getting task "cefebe42-f241-4930-9b9a-5d036de14ff6"...#
#2026 05 22 20:24:03.918#Z#DEBUG#935167e9-561a-11f1-95bd-eeee0a9c03bf.OPERATION#flowable-async-job-executor-thread-1198#
[ExecuteTaskStep] Task execution status: running#
#2026 05 22 20:24:03.919#Z#DEBUG#935167e9-561a-11f1-95bd-eeee0a9c03bf.OPERATION#flowable-async-job-executor-thread-1198#
[ExecuteTaskStep] Getting application guid "CAPM-html5-deployer"...#
#2026 05 22 20:24:04.020#Z#DEBUG#935167e9-561a-11f1-95bd-eeee0a9c03bf.OPERATION#flowable-async-job-executor-thread-1198#
Step "Execute Task" finished#
#2026 05 22 20:24:13.884#Z#DEBUG#935167e9-561a-11f1-95bd-eeee0a9c03bf.OPERATION#flowable-async-job-executor-thread-1200#
[ExecuteTaskStep] Executing task "executeTaskTask" of process "a9c7fc21-561a-11f1-8aa5-eeee0a9b708c"...#
#2026 05 22 20:24:13.887#Z#DEBUG#935167e9-561a-11f1-95bd-eeee0a9c03bf.OPERATION#flowable-async-job-executor-thread-1200#
[ExecuteTaskStep] Application task execution timeout is default one: 43,200 seconds#
#2026 05 22 20:24:13.889#Z#DEBUG#935167e9-561a-11f1-95bd-eeee0a9c03bf.OPERATION#flowable-async-job-executor-thread-1200#
[ExecuteTaskStep] Getting task "cefebe42-f241-4930-9b9a-5d036de14ff6"...#
#2026 05 22 20:24:13.944#Z#DEBUG#935167e9-561a-11f1-95bd-eeee0a9c03bf.OPERATION#flowable-async-job-executor-thread-1200#
[ExecuteTaskStep] Task execution status: running#
#2026 05 22 20:24:13.945#Z#DEBUG#935167e9-561a-11f1-95bd-eeee0a9c03bf.OPERATION#flowable-async-job-executor-thread-1200#
[ExecuteTaskStep] Getting application guid "CAPM-html5-deployer"...#
#2026 05 22 20:24:14.028#Z#DEBUG#935167e9-561a-11f1-95bd-eeee0a9c03bf.OPERATION#flowable-async-job-executor-thread-1200#
Step "Execute Task" finished#
#2026 05 22 20:24:23.896#Z#DEBUG#935167e9-561a-11f1-95bd-eeee0a9c03bf.OPERATION#flowable-async-job-executor-thread-1202#
[ExecuteTaskStep] Executing task "executeTaskTask" of process "a9c7fc21-561a-11f1-8aa5-eeee0a9b708c"...#
#2026 05 22 20:24:23.899#Z#DEBUG#935167e9-561a-11f1-95bd-eeee0a9c03bf.OPERATION#flowable-async-job-executor-thread-1202#
[ExecuteTaskStep] Application task execution timeout is default one: 43,200 seconds#
#2026 05 22 20:24:23.901#Z#DEBUG#935167e9-561a-11f1-95bd-eeee0a9c03bf.OPERATION#flowable-async-job-executor-thread-1202#
[ExecuteTaskStep] Getting task "cefebe42-f241-4930-9b9a-5d036de14ff6"...#
#2026 05 22 20:24:23.932#Z#DEBUG#935167e9-561a-11f1-95bd-eeee0a9c03bf.OPERATION#flowable-async-job-executor-thread-1202#
[ExecuteTaskStep] Task execution status: running#
#2026 05 22 20:24:23.933#Z#DEBUG#935167e9-561a-11f1-95bd-eeee0a9c03bf.OPERATION#flowable-async-job-executor-thread-1202#
[ExecuteTaskStep] Getting application guid "CAPM-html5-deployer"...#
#2026 05 22 20:24:24.005#Z#DEBUG#935167e9-561a-11f1-95bd-eeee0a9c03bf.OPERATION#flowable-async-job-executor-thread-1202#
Step "Execute Task" finished#
